{
  "timestamp": "2025-08-07T06:05:11.600012",
  "benchmark_duration_seconds": 0.06546330451965332,
  "system_version": "Stevie Super-Training v1.2",
  "initial_balance": 100000.0,
  "final_balance": 100000.0,
  "total_return": 0.0,
  "total_return_pct": 0.0,
  "sharpe_ratio": 0.0,
  "win_rate": 0.0,
  "win_rate_pct": 0.0,
  "max_drawdown": 0.0,
  "max_drawdown_pct": 0.0,
  "performance_score": 0,
  "performance_grade": "D",
  "total_trades": 0,
  "winning_trades": 0,
  "losing_trades": 0,
  "avg_win": 0,
  "avg_loss": 0,
  "profit_factor": 0,
  "volatility": 0,
  "confidence_weighted_return": 0,
  "stop_loss_rate": 0,
  "take_profit_rate": 0,
  "risk_adjusted_return": 0,
  "message": "No trades executed - insufficient signal confidence"
}