timestamp,symbol,funding_rate,predicted_rate,open_interest
1754591471302,"SOL",-0.00001891695321077247,-0.0010133723171632763,4060176.4967670464
1754562671302,"SOL",0.004354990066047239,0.0045651453419431835,3047826.3661812665
1754533871302,"SOL",-0.001572733346773898,-0.0011902744916489011,2640353.5722079333
1754505071302,"SOL",0.0038204240928077105,0.004321120382333124,2620206.24569407
1754476271302,"SOL",-0.00463783430096139,-0.0039507931971714755,1275582.5391780653
1754447471302,"SOL",-0.0015817772584458313,-0.0014272440028849857,4593114.147722293
1754418671302,"SOL",-0.0017933816176285444,-0.002456702136500925,2897427.814445141
1754389871302,"SOL",-0.004000697938453986,-0.0034596475117629165,1719281.4870954566
1754361071302,"SOL",0.0029882898045361706,0.0038227114566387506,2034588.9563334156
1754332271302,"SOL",-0.0009438410686406917,0.00001987557865291219,1197940.1875912424
1754303471302,"SOL",-0.00313581005320436,-0.0029731884425482523,4822067.434255372
1754274671302,"SOL",0.0046688409191448016,0.00367436739731067,2514891.4951232392
1754245871302,"SOL",0.0032133777415217345,0.0025450560783871774,2218191.9362897575
1754217071302,"SOL",-0.002242388340178472,-0.0018534313841084985,2252960.666996581
1754188271302,"SOL",-0.004569169306621739,-0.004384579029366441,1631859.6624589213
1754159471302,"SOL",0.0033721713799384156,0.002807822355689885,2264978.054014472
1754130671302,"SOL",0.00018913024950017787,-0.00023714965639326513,4475909.239816524
1754101871302,"SOL",-0.003983233111796425,-0.004349629203264298,1692010.1866732298
1754073071302,"SOL",-0.0006814108929795904,-0.0016759939737297272,2777241.4661257565
1754044271302,"SOL",0.0013491820952727406,0.0011369362089897134,5935454.350287005
1754015471302,"SOL",0.0011560166160872788,0.001812965997287059,1690230.6389720282
1753986671302,"SOL",-0.004304176687432373,-0.004646882582312066,1285951.37266764
1753957871302,"SOL",-0.0014154839456499025,-0.001053680088598386,4299104.364225806
1753929071302,"SOL",0.001310481611468486,0.0019363616022795844,3565980.8810734265
1753900271302,"SOL",0.00002475598765292464,-0.00019507385572065504,1869089.059429582
1753871471302,"SOL",-0.0036734158623211188,-0.004549405170092728,4221768.082266917
1753842671302,"SOL",-0.0034503124332282732,-0.0031037858091543715,3706560.7983863326
1753813871302,"SOL",-0.003263878772407314,-0.00232739630394165,5735911.158658613
1753785071302,"SOL",-0.0045995556568146695,-0.004711468920805611,4831026.688499326
1753756271302,"SOL",0.0012711788201760022,0.001707750140058474,4793525.144247161
1753727471302,"SOL",0.0035687156696845124,0.004287310267399956,1990007.7386777939
1753698671302,"SOL",0.0009275931071480193,0.0005799845006522686,1330535.3891639174
1753669871302,"SOL",0.0005264411032816807,0.0011452452321798004,5379961.6366867535
1753641071302,"SOL",-0.0011394151410539055,-0.0017948167948223684,3306747.948706107
1753612271302,"SOL",0.0005147955900818157,0.0006622057213616723,5859552.592911307
1753583471302,"SOL",0.0028818781852883338,0.0038010593720138753,3038892.6274333596
1753554671302,"SOL",-0.0002665747472359326,0.00037879529825044146,3548550.998247774
1753525871302,"SOL",-0.0031878119776353533,-0.003879270889790288,1457388.1150671977
1753497071302,"SOL",0.004897484544006434,0.004312282350447529,5086862.828420142
1753468271302,"SOL",0.001651701100339027,0.0007166045599724442,3288154.9095432153
1753439471302,"SOL",-0.0015997121744008359,-0.001972618064121446,2611499.2223532563
1753410671302,"SOL",0.0031298742575984573,0.003365420969268354,5021818.22269915
1753381871302,"SOL",-0.003040253660148082,-0.003186580523955008,5867342.312867797
1753353071302,"SOL",0.0017671122834994214,0.0019003703670800337,5170557.90765449
1753324271302,"SOL",0.0006850753215138772,0.0002521590899521962,3167798.537947503
1753295471302,"SOL",-0.00018202619050568415,0.0006157021443848009,4594978.7772655105
1753266671302,"SOL",0.000577789325058955,0.0005169642208690442,5752418.164896375
1753237871302,"SOL",0.0006329561551756502,0.0007170379951227041,1605427.2039507169
1753209071302,"SOL",-0.004911908402621203,-0.004565192205352974,3738077.6514717187
1753180271302,"SOL",0.0019328112209670257,0.002730099918093208,3434010.73273116
1753151471302,"SOL",-0.003582792585564463,-0.0035052732385869837,1482112.0828729763
1753122671302,"SOL",-0.00015738854774514756,0.0006874983481942687,5597605.526081864
1753093871302,"SOL",0.0027311071877632867,0.0025622118267947694,1869688.4039903674
1753065071302,"SOL",-0.0034781260784906023,-0.003132961075318798,3476624.9636910185
1753036271302,"SOL",0.004705181320028551,0.005540794518785333,5271823.500550436
1753007471302,"SOL",0.003251241312713611,0.002980823962846208,5450274.021553156
1752978671302,"SOL",0.0015282739403433298,0.0014535620052542203,4749585.313559345
1752949871302,"SOL",-0.0012161008580906828,-0.0013688918920088584,5846492.369124642
1752921071302,"SOL",-0.0027706519642255968,-0.0027934655898782398,5765365.511699615
1752892271302,"SOL",0.0024507298336121975,0.0015142303970559642,1552725.1211392782
1752863471302,"SOL",-0.0001718086751061776,0.00044859167784891917,1515509.494272045
1752834671302,"SOL",0.003188771031202662,0.002953712135474488,2108829.467675615
1752805871302,"SOL",-0.000032319845628479004,-0.0005206282610586324,1957365.1472035917
1752777071302,"SOL",0.0015831182570465675,0.0018929157646307032,5452932.500326391
1752748271302,"SOL",0.0036974771087603365,0.0036111516067437992,1944002.4414447658
1752719471302,"SOL",0.001392012718222313,0.0011204575748513762,5132496.725695967
1752690671302,"SOL",0.000639664078053468,-0.00019490430683564107,5870986.464022042
1752661871302,"SOL",-0.004011952928211191,-0.003617690772274936,5947425.092482076
1752633071302,"SOL",-0.0031579644972569397,-0.0030867092999735312,1905893.8622290802
1752604271302,"SOL",-0.002233635610364768,-0.0012581598548535326,3010525.8590727714
1752575471302,"SOL",0.0027880053103407553,0.0019035932613913652,4924586.14765314
1752546671302,"SOL",-0.0022658520761407908,-0.0023154444597562255,2481255.294949496
1752517871302,"SOL",0.0013223440371061845,0.002132492615972242,1832591.6222789055
1752489071302,"SOL",-0.000484662360871444,-0.0011162015606735554,4888176.277306067
1752460271302,"SOL",0.00015321424155994467,0.0006211708606950523,3065591.078789174
1752431471302,"SOL",-0.0041836669726467626,-0.004976521602529199,4318864.719319472
1752402671302,"SOL",-0.0038115517189271733,-0.004781417106872478,4220794.573505655
1752373871302,"SOL",-0.0016438782828103427,-0.0009866839779997904,1984323.2583471218
1752345071302,"SOL",-0.0034279873302616283,-0.003969879974653011,3832341.4482727647
1752316271302,"SOL",0.004394149015906286,0.003539109869693985,1029215.6907445729
1752287471302,"SOL",0.003784342944016166,0.0041058727975015604,4644775.322061083
1752258671302,"SOL",-0.0011108214400297545,-0.0012261267768767631,2560182.8818600895
1752229871302,"SOL",0.0025034594479570573,0.0032693442451004638,3677082.5503110117
1752201071302,"SOL",0.001472110518773706,0.0014332319459462509,4376895.73704306
1752172271302,"SOL",-0.004256383455748014,-0.004463572050631489,3388034.5055214493
1752143471302,"SOL",-0.002550192915192897,-0.002498515240020991,2740159.3989543216
1752114671302,"SOL",-0.001271311636337833,-0.000883264929928711,2026126.1029588543
1752085871302,"SOL",-0.004919145669782534,-0.005490317833718573,3384232.7521619545
1752057071302,"SOL",0.0024583780119126143,0.0033042176748892304,5924496.086741347
1752028271302,"SOL",0.0016482946012621924,0.0013361841705515239,1213016.4499802457
1751999471302,"SOL",0.004332803101043466,0.004151463914354594,5156380.289286667
1751970671302,"SOL",0.0044024542565753565,0.00523442676354647,3654640.7480842047
1751941871302,"SOL",-0.003758207027004015,-0.003275463438173892,5992107.77267596
1751913071302,"SOL",0.002241104818193118,0.001932082060814937,3460559.889284818
1751884271302,"SOL",-0.0007802125366990586,-0.0017229680172774716,3537225.9075883674
1751855471302,"SOL",-0.0017575528206756786,-0.0023902420373942915,3078856.374698014
1751826671302,"SOL",0.0045512171923666874,0.004804137375962534,3336396.3796248976
1751797871302,"SOL",-0.0008116033814197255,-0.0003566664919838836,2493369.0593456673
1751769071302,"SOL",0.0006116836979070528,0.000587307072616833,5817839.123421614
1751740271302,"SOL",-0.0023842098902280553,-0.0030452475410284213,2456078.5624319697
1751711471302,"SOL",-0.002162936733533911,-0.0027162485269266175,2566556.2170670275
1751682671302,"SOL",-0.0006161557457746936,-0.0002709072400593029,5615036.63419491
1751653871302,"SOL",0.002106633137828511,0.0011482037401904846,1290211.4927274147
1751625071302,"SOL",-0.00026505297633744096,0.0006691554453671796,3814120.604760945
1751596271302,"SOL",0.0035783633408211822,0.0038059104311737395,5637164.923798485
1751567471302,"SOL",0.0013613245756613024,0.0016241051241671976,3540106.023556147
1751538671302,"SOL",-0.0006289621615451968,-0.00022675551307758333,1796210.7064731827
1751509871302,"SOL",0.0010247135232984172,0.0017550654552679643,2267059.691305111
1751481071302,"SOL",-0.0042155986571856974,-0.004574010260583855,3523347.3078234857
1751452271302,"SOL",0.0032715570969871943,0.003011420617958279,1233692.848493243
1751423471302,"SOL",-0.003670114915304037,-0.004495898681881432,5618646.839534526
1751394671302,"SOL",-0.0008272843765915173,-0.0012671857005686258,1491294.4620583514
1751365871302,"SOL",0.0018577372333831589,0.0017986599261165894,1149537.2867064115
1751337071302,"SOL",0.0017374680360569639,0.002196286365707395,3986594.617568794
1751308271302,"SOL",0.0023679847959586,0.0014015287128342495,5270682.848409088
1751279471302,"SOL",-0.003075480537237083,-0.0025891878550021183,5236205.774172827
1751250671302,"SOL",0.003528620882698681,0.003925554075613629,1352398.432744224
1751221871302,"SOL",-0.00412610565029871,-0.003906860657762108,4369076.272782996
1751193071302,"SOL",0.003206157546898647,0.003725519879539532,3855561.292305175
1751164271302,"SOL",-0.002696097592326192,-0.0021260959747918797,5422750.535752075
1751135471302,"SOL",0.002181006210472869,0.0025283092815533777,4489135.386228854
1751106671302,"SOL",-0.0008565861510044659,-0.0006762309940330127,4245935.068328774
1751077871302,"SOL",-0.00442575305890353,-0.003907925723389585,3797507.6963565536
1751049071302,"SOL",0.00022262189889344253,0.000060535613056358786,2118059.453477265
1751020271302,"SOL",0.003200890438439745,0.002787291197508237,3936804.3991831737
1750991471302,"SOL",0.0024461381314365995,0.0027353867624249372,4344224.91179092
1750962671302,"SOL",-0.004876282154186886,-0.0048738026241371335,2960871.0759440092
1750933871302,"SOL",-0.002775883838271669,-0.0030740161408361203,1559051.418977582
1750905071302,"SOL",0.0012391398611661009,0.00043664458644062027,2817046.7657009726
1750876271302,"SOL",0.0031865091149763836,0.003954378017646397,4437496.067884639
1750847471302,"SOL",0.003989095295123395,0.004194760369133813,4359262.160174094
1750818671302,"SOL",0.0016746289816273352,0.002223229216823455,2363035.713479167
1750789871302,"SOL",0.0001961207713624069,0.0007912252739168961,4888938.138561105
1750761071302,"SOL",0.0005604318131785369,0.00008192537661583856,2378982.0785861183
1750732271302,"SOL",-0.0021168156825675257,-0.0012031437098785434,4735530.200184607
1750703471302,"SOL",0.00023533201643680446,0.00075865373192834,1501601.3499322748
1750674671302,"SOL",0.0028690350899760954,0.0027977108946231955,1543125.905682561
1750645871302,"SOL",-0.004150338802421272,-0.004736037212860593,5701076.49379589
1750617071302,"SOL",-0.00007432611807181466,0.0008803691421113977,4166769.689964275
1750588271302,"SOL",0.004489792188986639,0.0035970233426112124,5710850.701532745
1750559471302,"SOL",0.004598552031432328,0.0044577189552837595,5290762.030716964
1750530671302,"SOL",-0.00011676216810227124,0.0004753826136656012,3749480.3728593197
1750501871302,"SOL",-0.0019917189606773245,-0.002717100377133198,4689675.466461302
1750473071302,"SOL",-0.0014051273288902366,-0.0011544287561732957,5896214.915338414
1750444271302,"SOL",0.003569465288196301,0.0026723427442323167,3597734.924557055
1750415471302,"SOL",0.003632548250390206,0.004471006967898887,5824481.100861625
1750386671302,"SOL",0.004273673227109087,0.0036396899542677414,4428168.095858838
1750357871302,"SOL",-0.00022263529214549437,0.00012595662720612833,4388890.011917615
1750329071302,"SOL",0.0021873887949043634,0.0025525293257500402,3399332.7508779583
1750300271302,"SOL",-0.002673075273820178,-0.0025577976628590074,5630296.510287247
1750271471302,"SOL",0.0009485697541805727,0.000010261934727176427,2833045.6580219837
1750242671302,"SOL",0.004264109987251983,0.00496401109653416,1957962.190154973
1750213871302,"SOL",-0.0013967314891400906,-0.0023124879458014,2583587.426540377
1750185071302,"SOL",0.004999893475969301,0.004504448867473309,1254793.149041108
1750156271302,"SOL",-0.0020091759907016906,-0.0012592099067358087,1888823.966300223
1750127471302,"SOL",-0.0005835383970249719,-0.001137938537650878,1268680.8332570344
1750098671302,"SOL",0.002973701920866767,0.00387630694325369,5467636.387774688
1750069871302,"SOL",-0.0017133864616773532,-0.0008818765690997834,5901688.316281902
1750041071302,"SOL",0.004883255872908705,0.004701969490834927,2733032.0548281097
1750012271302,"SOL",0.003372480748900195,0.003488849212212341,5662885.256434263
1749983471302,"SOL",0.0005591415522238274,0.0004513505259333885,2693275.175123943
1749954671302,"SOL",-0.0032893597367507454,-0.0033942052203326596,3234411.9372424097
1749925871302,"SOL",0.004920893893779492,0.005259908612076076,4112937.845402115
1749897071302,"SOL",-0.0022447807222906514,-0.0031425464134314757,3790217.034560929
1749868271302,"SOL",0.002321168447991713,0.003149407186711896,2863602.9424740463
1749839471302,"SOL",0.004956633204323553,0.005713227009885111,3245183.824747131
1749810671302,"SOL",-0.0027984420469071548,-0.0033050249034818836,3361396.924562218
1749781871302,"SOL",-0.0037334544601018683,-0.004301262734048602,3099479.707489118
1749753071302,"SOL",0.0029636008662451106,0.003280708567744828,3394482.209536074
1749724271302,"SOL",-0.002071810248447781,-0.0016458375057295564,5097724.081194168
1749695471302,"SOL",-0.0035419616005558517,-0.002670939152011929,2143359.340197364
1749666671302,"SOL",0.00332122683965284,0.0028421516051901122,2333175.595450202
1749637871302,"SOL",0.003930582862539039,0.0034839213262962817,1489650.2176733087
1749609071302,"SOL",0.00018575531902174314,0.0007056709185094019,2607903.5779868457
1749580271302,"SOL",0.0032569232757555123,0.004219009846745515,4238651.576081289
1749551471302,"SOL",-0.004804290104826414,-0.004626624984158202,5099201.783657943
1749522671302,"SOL",-0.0007213256748913421,-0.0007476752898776891,4232386.927802095
1749493871302,"SOL",-0.002992801765264308,-0.0033214589431103283,3596367.4745975407
1749465071302,"SOL",0.004955136998760323,0.004366094377166424,5517881.4521193765
1749436271302,"SOL",-0.0003142575721980467,-0.0007414856644073842,4743084.06560215
1749407471302,"SOL",-0.0016041843588137671,-0.002037147857599327,3059079.6853007507
1749378671302,"SOL",-0.00040451248939360696,-0.0012012930933665222,3564833.607480556
1749349871302,"SOL",0.0028537980483853186,0.0034368780103588075,4091169.179618103
1749321071302,"SOL",-0.004448300176418676,-0.0047634964276515755,2326951.699568285
1749292271302,"SOL",0.0012887152501669453,0.0020322798349453573,3936186.420404642
1749263471302,"SOL",0.0016417752369236173,0.0022483429078569836,2620938.870685964
1749234671302,"SOL",0.00028854381399849637,-0.0003045454322473211,5170416.368300356
1749205871302,"SOL",0.0019504908495049423,0.0012628746426149805,1036584.4465419829
1749177071302,"SOL",0.002553884867857401,0.0035431014077452064,5299408.930204148
1749148271302,"SOL",0.0026200555343036357,0.002685183635143904,2378069.8064039852
1749119471302,"SOL",-0.0002698377156175424,-0.0007932866751310454,4331949.924699752
1749090671302,"SOL",0.001967684199193378,0.002431077863952228,5684694.636339663
1749061871302,"SOL",-0.004111451794372281,-0.004383305151255274,1843852.4763513543
1749033071302,"SOL",-0.004606203455122105,-0.00497575235787034,5174586.838582238
1749004271302,"SOL",0.004887921177696802,0.004543636049508401,1873166.6234185586
1748975471302,"SOL",-0.003486102402167217,-0.0029110653946341214,5571363.104359494
1748946671302,"SOL",-0.004909616551461615,-0.005739525819645809,2477515.996493631
1748917871302,"SOL",-0.0030550469457496844,-0.00265022017910049,1093404.7270100513
1748889071302,"SOL",-0.001174918604277959,-0.0008001149661028032,4282274.292290214
1748860271302,"SOL",0.0029353663922262597,0.003196616960841971,1708383.4721604465
1748831471302,"SOL",-0.0009259379771581111,-0.001666788023200162,5865781.776859976
1748802671302,"SOL",-0.002780022766097632,-0.0034138719055021535,1368723.8952258644
1748773871302,"SOL",0.0012486119744427016,0.0018627753887033968,2284480.0597972074
1748745071302,"SOL",-0.00016885881803107683,-0.0005527045788254519,1114194.566641933
1748716271302,"SOL",0.0019517600300930395,0.001692023982509833,5408394.765604273
1748687471302,"SOL",0.0021207654906851016,0.0028578300944196843,3111204.575319953
1748658671302,"SOL",-0.004276388134862592,-0.0035267556936243592,3924582.5702952845
1748629871302,"SOL",-0.002312155894436996,-0.0013844189302011463,3151238.2968650023
1748601071302,"SOL",0.000542955496398192,0.00028442713179853966,4148497.8508298965
1748572271302,"SOL",-0.003820185801322438,-0.004798333218251355,3434063.0980752986
1748543471302,"SOL",-0.004033849952244471,-0.003114019169120876,1074567.8545240124
1748514671302,"SOL",0.0026498141406371568,0.0021018106965184254,1240801.1123492583
1748485871302,"SOL",0.0011694212647999792,0.0012661544651435778,2942455.040412804
1748457071302,"SOL",0.003913642219956786,0.0037059102972866985,4343172.528494995
1748428271302,"SOL",0.003451775415437819,0.004015751915012156,5750166.717001046
1748399471302,"SOL",-0.0019097084361131068,-0.002334852565788901,2254072.05685367
1748370671302,"SOL",-0.00019610232041649135,-0.0007822519285300756,1403316.1135926212
1748341871302,"SOL",0.00322934263830726,0.0037441902477832988,3188330.642750791
1748313071302,"SOL",0.0016246782866302346,0.0022301345300827953,5684649.526419374
1748284271302,"SOL",-0.0026632415062514438,-0.002197591199124565,3233178.925193735
1748255471302,"SOL",-0.004304570145884443,-0.004977172905595488,4551042.749382533
1748226671302,"SOL",0.00358407411711182,0.003937734912752511,3916082.384521291
1748197871302,"SOL",-0.003138031849450085,-0.0030017294930380608,2134251.1907857
1748169071302,"SOL",0.0033808451794244167,0.0034707434240935546,4988792.625670327
1748140271302,"SOL",-0.004201777783033023,-0.003837655599564042,4039180.646788767
1748111471302,"SOL",-0.0025113749005363007,-0.0024123634736487273,4535403.097462737
1748082671302,"SOL",-0.0032418428888733365,-0.0031712930071547745,1051909.4686578724
1748053871302,"SOL",0.004707497894649968,0.00401840393961409,4291557.936499134
1748025071302,"SOL",-0.002221327086757059,-0.0020371976194406174,1754802.9867473915
1747996271302,"SOL",0.0020629883086905787,0.002973140955246361,4173456.492902368
1747967471302,"SOL",0.0029837985076020448,0.0035278047396051053,3696704.086987426
1747938671302,"SOL",0.004227119253577938,0.004800129586308885,4178159.918606611
1747909871302,"SOL",-0.00247836808009527,-0.0023907331625371013,4584268.2382497005
1747881071302,"SOL",-0.00003895608845521759,-0.0005041421577843166,1275806.7710270328
1747852271302,"SOL",0.0031980152228313964,0.0030844088417299096,5639326.0176644195
1747823471302,"SOL",-0.004910024857669186,-0.0054240523272573145,4658316.602145592
1747794671302,"SOL",0.003310426854393749,0.004288681335429312,3642043.488584136
1747765871302,"SOL",-0.0018225882428309027,-0.001073722263130285,1555735.04436759
1747737071302,"SOL",0.0016705243728464892,0.002525299187453235,1842398.6244487446
1747708271302,"SOL",0.002658197890352303,0.0016692999235858278,3557836.941641525
1747679471302,"SOL",0.0030353394810294777,0.0030312635303496346,3725097.1071196804
1747650671302,"SOL",0.002653079289436202,0.0016990324475584977,2364188.1786472807
1747621871302,"SOL",0.0010718355853377192,0.0019925939530378517,5679690.862615232
1747593071302,"SOL",0.004152721092350838,0.004321939969916149,1422924.7807552028
1747564271302,"SOL",-0.0027747133701579996,-0.0025645103161655363,1635599.8242172268
1747535471302,"SOL",0.002461071039683489,0.0030393030629375507,3936661.0658733337
1747506671302,"SOL",0.0019486235721472677,0.002184263085849972,5667117.942782217
1747477871302,"SOL",0.003095078169834096,0.0024384778533483413,2528816.892133679
1747449071302,"SOL",0.000279966455873113,-0.000216624361377137,5401848.496654077
1747420271302,"SOL",-0.0035271876840085306,-0.003918618330657452,4577766.909631777
1747391471302,"SOL",-0.001591552879927165,-0.0018945282458648189,2162930.2082184223
1747362671302,"SOL",0.0035829993758558533,0.004082836325843441,3385458.929088585
1747333871302,"SOL",0.0044173147752955355,0.0050173882628426324,4063343.656758829
1747305071302,"SOL",-0.0028761131769013517,-0.003745035799761889,3355639.641277981
1747276271302,"SOL",-0.0024573061927540786,-0.0018763382538358178,4381498.448881995
1747247471302,"SOL",0.0034875652110526725,0.003287379818037559,1739672.3115580129
1747218671302,"SOL",0.002177293244792611,0.0015566269177158896,2150959.681699383
1747189871302,"SOL",0.0025848815232092192,0.0026081789906426296,5569857.780226901
1747161071302,"SOL",-0.0019046698313314515,-0.0013330408180699665,2822463.0144858193
1747132271302,"SOL",0.00016146548219955203,0.0005893075806273131,5409771.367926766
1747103471302,"SOL",0.0018873177810170172,0.0018205224032217845,5778339.8307147315
1747074671302,"SOL",0.0038174764341869973,0.0032851312392678557,4458169.791335254
1747045871302,"SOL",-0.0002518785587747563,-0.0006617916013711258,1780987.3802578258
1747017071302,"SOL",-0.0045897061797650456,-0.0048837412115960935,5380458.968814307
1746988271302,"SOL",0.0006886019358726547,0.0010833139743573641,3090837.1381005133
1746959471302,"SOL",-0.004159270766880878,-0.003991109568836178,4427764.793160172
1746930671302,"SOL",-0.0016482860604446837,-0.0026223712075700233,3890050.010060536
1746901871302,"SOL",0.0015316441264595726,0.002349889704577427,5922988.620621115
1746873071302,"SOL",0.0012951501718852997,0.00205893231185834,2190855.7763972282
1746844271302,"SOL",-0.0009980252604795403,-0.0010292282777984857,1414420.111405157
1746815471302,"SOL",0.001346349470571948,0.0015531820671268784,5715801.586903537
1746786671302,"SOL",0.0038785893109347194,0.0036970610605967435,5352335.1286883885
1746757871302,"SOL",-0.003162822010395292,-0.0037540888184856135,2725761.963900975
1746729071302,"SOL",0.002979955227418709,0.003753464979217941,1713815.0105703378
1746700271302,"SOL",-0.0024182182289616107,-0.001875362576180645,1735066.2460459224
1746671471302,"SOL",-0.004474805678774218,-0.004865745488014582,5231166.878444367
1746642671302,"SOL",0.0035480216867919403,0.0032710211785496653,1924750.9959943113
1746613871302,"SOL",-0.0008633314342670028,-0.00004757059995051931,3180406.662648177
1746585071302,"SOL",-0.003181597398278635,-0.0024755850220398133,3430627.184413385
1746556271302,"SOL",-0.003441931596925354,-0.0029717315407707975,2918784.1552953687
1746527471302,"SOL",-0.0034113264515775654,-0.003911077328659062,3755247.4140780126
1746498671302,"SOL",-0.0031026899928850615,-0.0024857478300971962,1103261.7451288542
1746469871302,"SOL",0.003997485375119707,0.0038164145142474694,2505580.4380478743
1746441071302,"SOL",0.00021421268925376992,0.00014993489211557833,3859327.494632239
1746412271302,"SOL",-0.004711851017775417,-0.004859281616997738,2664655.8922282783
1746383471302,"SOL",-0.0016460616245189664,-0.0023747407832096124,2883508.7692716876
1746354671302,"SOL",-0.0037159795963822816,-0.002870277969296401,3407353.8024638854
1746325871302,"SOL",-0.0014992799662238454,-0.0020322215895990483,4504484.907716837
1746297071302,"SOL",0.002070776511211785,0.0023145585685493226,1719028.5113364237
1746268271302,"SOL",-0.000015850344271863827,0.00015238326628977462,1269497.5896197604
1746239471302,"SOL",-0.0013981917293775159,-0.0014108171762783907,1855339.100736475
1746210671302,"SOL",0.0008025452547547185,0.0010549310615598038,5849348.111609433
1746181871302,"SOL",0.004662040096559734,0.005469141288846505,5107507.1817138735
1746153071302,"SOL",-0.004656747291820957,-0.0051397165157258395,1203949.152417875
1746124271302,"SOL",0.0005856189440770954,0.0005238872567095453,3491223.037645018
1746095471302,"SOL",0.0016088422328618159,0.0022400290771234345,5855050.54154539
1746066671302,"SOL",-0.0022728902960293196,-0.0013853269097966092,1575267.3941489062
1746037871302,"SOL",-0.001608852472858795,-0.0007878534849164404,5552508.775062841
1746009071302,"SOL",-0.002404627490580926,-0.0015117036380652656,4245682.15127263
1745980271302,"SOL",0.00213613138901408,0.0016942522570248318,3012567.603806585
1745951471302,"SOL",0.000823850284443648,0.0003012718612109375,3864740.0457293703
1745922671302,"SOL",0.004913602259348515,0.004985415616731322,3375537.588861076
1745893871302,"SOL",0.0027301385507928024,0.002397474358203138,4430097.036287091
1745865071302,"SOL",0.0026242318463461788,0.0025624734805756375,3915003.8504842846
1745836271302,"SOL",0.0003520040407118219,-0.00013363038686921552,2781818.0707441103
1745807471302,"SOL",-0.00011792731429140391,-0.0004529741449634708,3911289.1297277412
1745778671302,"SOL",0.00040226017299279884,0.0011612488335040361,2402674.6724279104
1745749871302,"SOL",-0.0017142785204720368,-0.0013299787804019292,1213642.5669219578
1745721071302,"SOL",-0.00455739058284905,-0.004274687669331421,2747565.202221263
1745692271302,"SOL",-0.00420413504802941,-0.0037258338533813287,2021614.9786586126
1745663471302,"SOL",0.004432164989422937,0.004509647701485019,3266839.8736420283
1745634671302,"SOL",-0.004934234636391945,-0.005841951060433006,2666088.6188906855
1745605871302,"SOL",0.0031506890718133707,0.004135735711521801,1646622.1681024753
1745577071302,"SOL",-0.0002215985703752854,-0.00046209444251390684,1799646.7796770257
1745548271302,"SOL",-0.0010214326711210054,-0.0010786316050445356,2663813.781355434
1745519471302,"SOL",0.004357928941359248,0.004727152522238331,4474192.113763442
1745490671302,"SOL",-0.0018994410988395006,-0.0014275314159254485,2729304.0281879315
1745461871302,"SOL",-0.0041968501341367245,-0.004640362483555805,2001183.7530595334
1745433071302,"SOL",-0.0027092870377945213,-0.0018914670544295108,3239857.947433155
1745404271302,"SOL",0.0008204627735658555,0.0018171910674552715,1366543.1947847053
1745375471302,"SOL",-0.0006130664184670209,-0.0013583367286789257,3840102.982476793
1745346671302,"SOL",-0.002299019150263275,-0.0020907163082780405,4417022.701582553
1745317871302,"SOL",0.004119733409847637,0.0034389822836020365,1423095.4648584716
1745289071302,"SOL",-0.000988887120700399,-0.000480046717989357,5720392.077844311
1745260271302,"SOL",-0.001533001175558053,-0.0014175941571848707,3364103.721724552
1745231471302,"SOL",0.004448806944058998,0.004588025404271713,5596360.67145138
1745202671302,"SOL",0.00210623241698789,0.0029007097243417216,1181101.0704764326
1745173871302,"SOL",0.0030201615469613976,0.0025488880387077523,1885678.543066345
1745145071302,"SOL",0.000818916531341487,0.0007064755059305177,5006736.340224003
1745116271302,"SOL",0.003957018078990058,0.0047915287520515866,3414575.776703295
1745087471302,"SOL",0.004474924076348077,0.0054041143799228065,4105933.3853224725
1745058671302,"SOL",0.004553592938391075,0.005017102032480593,2326190.3859846857
1745029871302,"SOL",0.000673411384047442,0.0014010459775375148,5443418.257667996
1745001071302,"SOL",-0.003210642247335647,-0.0024766037239468894,2382383.532279917
1744972271302,"SOL",0.0033071473967380307,0.0026894217204075496,2832815.605542413
1744943471302,"SOL",-0.0012589249620761822,-0.0011484229198186458,5873806.588894841
1744914671302,"SOL",-0.003916239235192598,-0.00323348263525558,3190918.8612234066
1744885871302,"SOL",-0.0018181848980683823,-0.0014735579270442982,4537527.441654401
1744857071302,"SOL",-0.004517521758782803,-0.004578570540359472,4390854.629338112
1744828271302,"SOL",0.0015157132758414726,0.0017954273917471233,1234551.3246910137
1744799471302,"SOL",0.00007732651293623327,0.0010747287323829174,2876114.165005587
1744770671302,"SOL",-0.0008376205471969401,-0.0007018697082236165,4488489.481900923
1744741871302,"SOL",0.0031953119588575074,0.0025612188900318036,1481860.842623818
1744713071302,"SOL",-0.004488165101946165,-0.004127433982741087,2774802.489844257
1744684271302,"SOL",0.0031826593239979027,0.0023177491211222694,3130749.268231682
1744655471302,"SOL",0.0033291431209970315,0.0029431300122692637,2077063.0541664828
1744626671302,"SOL",-0.0017281153601308575,-0.0012815417931675537,4256593.981557883
1744597871302,"SOL",0.00018009496404917559,-0.0001940485570952095,3532614.3114802646
1744569071302,"SOL",0.0031722021126616862,0.002475096259548889,5183470.809590468
1744540271302,"SOL",-0.002115251155670428,-0.0011707765267222302,1155271.536053564
1744511471302,"SOL",0.0017386511880196065,0.0016008069398980008,3876090.275019022
1744482671302,"SOL",0.0024975112218394613,0.001727464930152961,2888730.9381466256
1744453871302,"SOL",-0.001417771398980232,-0.0013626269519347329,2555022.6189110326
1744425071302,"SOL",0.0005367878320708863,-0.0002142220624749945,4195792.830492703
1744396271302,"SOL",0.0042815069195441206,0.005130425885548687,2089945.8954734453
1744367471302,"SOL",-0.002787090671451178,-0.0022897134453746058,5042776.2897430435
1744338671302,"SOL",-0.0029385789969280543,-0.002735944076258421,5228006.198742485
1744309871302,"SOL",0.004850479055796473,0.0055713779612779355,1192489.279662793
1744281071302,"SOL",-0.002457200789276375,-0.002264912869594584,1704961.8504815204
1744252271302,"SOL",0.0000946786948920364,-0.0006894661384116105,4313429.177117858
1744223471302,"SOL",-0.0033419792705038855,-0.00356833170285834,2857786.4365703575
1744194671302,"SOL",0.0032525049865035683,0.0031445530094493016,2058165.1479214893
1744165871302,"SOL",-0.00046395994671099005,0.0004230952185444577,3552895.8545018286
1744137071302,"SOL",-0.000848660350450916,-0.0014033385571001538,4319004.294786852
1744108271302,"SOL",-0.0024995734499665702,-0.001701588679228336,1339892.1536217637
1744079471302,"SOL",0.0014966062506396227,0.0014577282990591272,5063517.787663037
1744050671302,"SOL",-0.0035551946611733086,-0.00418779752485264,2498054.3108846266
1744021871302,"SOL",0.0024869058845715664,0.003379359991592672,5930413.871528706
1743993071302,"SOL",0.003209051920327162,0.0025843290564606,3627536.4463304165
1743964271302,"SOL",0.004153362945027115,0.004078636523677989,1941651.4132719089
1743935471302,"SOL",-0.0033366615474041783,-0.002405061871070835,5416361.299568355
1743906671302,"SOL",-0.0028903184685167174,-0.0035426391325247097,5041106.141770452
1743877871302,"SOL",0.0026750041829256156,0.0026893747100492893,1501484.240733713
1743849071302,"SOL",-0.002120118356502667,-0.0014451210407233502,3164761.8122631386
1743820271302,"SOL",-0.0031492607676246176,-0.0037564266287235296,5101284.241727686
1743791471302,"SOL",0.002992503862767837,0.0028117574549153357,2135197.1440030104
1743762671302,"SOL",0.004937642424582731,0.004433665111697294,1973230.394138237
1743733871302,"SOL",0.004513853775060996,0.0040633891633730344,5060673.720888429
1743705071302,"SOL",-0.000028964323040141514,-0.0010172208566129495,5175830.4388388125
1743676271302,"SOL",-0.00047103088471247114,0.0004195983903188667,3181895.4445865657
1743647471302,"SOL",0.004574733267838824,0.005192081120699794,4350476.428381834
1743618671302,"SOL",0.00236698847304792,0.003012434165732458,1573637.7434003137
1743589871302,"SOL",0.00445232539542499,0.0034883949383448356,2673071.065000754
1743561071302,"SOL",0.004705798222046864,0.0042391003150169795,4246498.319376517
1743532271302,"SOL",-0.0009923928748402045,-0.00029626529975906033,1385017.5101063568
1743503471302,"SOL",0.001719465733783676,0.0009810021712752192,5337295.096047043
1743474671302,"SOL",-0.0034089555227430515,-0.003952360703381131,3048430.0729025453
1743445871302,"SOL",0.0009397981065509154,0.0012960223945276037,4773061.268299526
1743417071302,"SOL",-0.0005389486322154813,-0.0011693767526548987,5487972.991515733
1743388271302,"SOL",0.0037847009632031117,0.003096353035714108,2558656.39536116
1743359471302,"SOL",0.004948081478981061,0.005342075975501008,5952625.122067818
1743330671302,"SOL",-0.0035647566092074957,-0.0028549284032819205,4572639.898006236
1743301871302,"SOL",-0.0022506568845205768,-0.0015241246544741472,3880855.835446872
1743273071302,"SOL",0.002583932344111792,0.0028582477583818672,2806606.20948909
1743244271302,"SOL",0.0037366773225135665,0.0027960685058629584,3299253.3656047075
1743215471302,"SOL",-0.0015891252204281116,-0.0025274471246529186,5994677.713709387
1743186671302,"SOL",-0.003102766532412764,-0.003718140333972555,1985548.5079012082
1743157871302,"SOL",-0.0033242235627953987,-0.0037813907302523295,3580597.7731700446
1743129071302,"SOL",-0.0013048021506373141,-0.0006116921326715489,3983643.7178929043
1743100271302,"SOL",0.0038056214204748385,0.0031613742570691817,2392662.819913728
1743071471302,"SOL",0.0031178756295024202,0.003587997164596031,5090148.329724639
1743042671302,"SOL",-0.001306749341116118,-0.001517430478059915,3348035.9339076285
1743013871302,"SOL",-0.0008916181879438168,-0.0004868114224037892,3347442.181969247
1742985071302,"SOL",-0.003375909466065559,-0.0025086867218302614,1422914.9592390757
1742956271302,"SOL",0.0016218856868239185,0.0012064660150944997,3356374.408421262
1742927471302,"SOL",0.00029760683843982116,-0.00015187789651845395,4148983.373465555
1742898671302,"SOL",-0.00041178158382134235,-0.0005219770030961981,5630346.815255626
1742869871302,"SOL",-0.004133327552838104,-0.0033027783437482045,1679933.5896628965
1742841071302,"SOL",-0.0034885526533180245,-0.0029922318225892117,5592670.2950549135
1742812271302,"SOL",-0.00044588908452137144,0.00026412128164025493,5998399.142584849
1742783471302,"SOL",0.004009274818151942,0.0037061365407202044,2689548.921252574
1742754671302,"SOL",-0.004522258026819699,-0.004827353801627873,4877816.543711903
1742725871302,"SOL",-0.0014258506660182048,-0.0013741398470758519,2111828.2270206604
1742697071302,"SOL",-0.0019387222073284783,-0.0016934168067652912,4691782.629508562
1742668271302,"SOL",0.0026873945010958454,0.003131890562951644,5377361.377018456
1742639471302,"SOL",-0.004128278127554203,-0.004180730466849328,4097052.0901989783
1742610671302,"SOL",0.003109289595193596,0.0025882336893046365,5138441.321438653
1742581871302,"SOL",0.003814474414313607,0.0043099477177915985,5811058.7399735125
1742553071302,"SOL",0.0009851179271956356,0.0016229968760300864,3238550.383613405
1742524271302,"SOL",-0.00355096754554179,-0.002569213705314063,5210361.324185904
1742495471302,"SOL",0.0011751195237825174,0.0011315559571862855,5002908.280358704
1742466671302,"SOL",-0.004740493669041739,-0.004789966944707444,3298664.472700738
1742437871302,"SOL",0.0011718482612200765,0.001125387186677877,4884360.275009565
1742409071302,"SOL",0.0003555503020284334,0.000226052462778612,2710809.852230809
1742380271302,"SOL",0.0019066185141192694,0.0017275469315770852,3530414.6813631402
1742351471302,"SOL",-0.004992764104579839,-0.004969631022343957,4421865.566709898
1742322671302,"SOL",0.000785530478916483,0.0001401792274814313,1377252.1152379382
1742293871302,"SOL",-0.003547497861534874,-0.004436075954112815,3216168.924333023
1742265071302,"SOL",0.0019009981286677836,0.0025300113170924833,5539458.357055354
1742236271302,"SOL",-0.003092400989304458,-0.003471692646840254,1086201.9607987786
1742207471302,"SOL",-0.004116391700145663,-0.0041791539255387365,2343487.5690017557
1742178671302,"SOL",0.00034054724284732885,-0.0002478676951419789,2852451.39127637
1742149871302,"SOL",0.003031472749673345,0.0031574791387886636,2400005.6651595514
1742121071302,"SOL",-0.00014338413320899912,-0.0006844501315334922,5978615.684844221
1742092271302,"SOL",-0.004926405224327726,-0.004216831750450269,1140031.120894305
1742063471302,"SOL",0.0029522181601328956,0.002087987289270909,5271112.559206307
1742034671302,"SOL",0.0010307661522153079,0.001539765630900206,5217339.970474318
1742005871302,"SOL",0.0021049399821189987,0.0020607978349501998,4239236.364873992
1741977071302,"SOL",0.0010853114923520567,0.0004817370777264442,4797020.399879362
1741948271302,"SOL",-0.0006669847749619051,-0.00006988260162857211,4324353.672561038
1741919471302,"SOL",0.0003732072554115873,0.001006031264423993,1570740.310585537
1741890671302,"SOL",0.0009689430378575081,0.0011235252511166008,4761599.979683295
1741861871302,"SOL",0.0008694669840651059,0.00029719590477922874,4739983.278717799
1741833071302,"SOL",-0.0012697710528063034,-0.0013061998133551246,3814598.66522747
1741804271302,"SOL",0.0029754568980988982,0.0022194897518741192,1831355.2241940969
1741775471302,"SOL",-0.0021644908318902713,-0.0026768724578081606,4840020.641668996
1741746671302,"SOL",-0.0038241900275152595,-0.0046260826346971205,4243254.140237667
1741717871302,"SOL",-0.001148353974348002,-0.0009550094927765462,3234508.4176928885
1741689071302,"SOL",0.0035479833931413053,0.002676084191447444,3390586.2682871516
1741660271302,"SOL",0.004912617913271278,0.005782097027883744,4300503.0577886235
1741631471302,"SOL",0.003692643163948699,0.004283250669628677,3372738.2922595553
1741602671302,"SOL",-0.0016307712875600977,-0.0006933557412008207,3014594.66243627
1741573871302,"SOL",0.0008433938273724184,0.000812069272569155,1157414.922478347
1741545071302,"SOL",0.000030836378163048294,-0.0003724947438794941,2987482.083402156
1741516271302,"SOL",-0.004966908501133043,-0.005288703892905859,1527570.4514283286
1741487471302,"SOL",-0.0013279651673523407,-0.0013650405380338034,4644679.603948321
1741458671302,"SOL",0.0004639032959456002,0.0010933678452127843,5808676.854200507
1741429871302,"SOL",0.004779858426106041,0.0057762944362836945,3788622.7612185953
1741401071302,"SOL",-0.0035849364592692437,-0.0031249487641063626,4203982.412175199
1741372271302,"SOL",0.000018730901957930702,-0.00003876277173656195,5788713.938802321
1741343471302,"SOL",0.00325808926898147,0.004019397513485332,1098781.3965440465
1741314671302,"SOL",-0.0021549395627310443,-0.002580372039826003,5322540.436331688
1741285871302,"SOL",0.0043511730233258454,0.004067008616874234,4186485.184824052
1741257071302,"SOL",0.0017959682154302103,0.0019722612327459626,4643977.820835754
1741228271302,"SOL",0.0016828590961497048,0.0019091813366975746,3198193.2526271376
1741199471302,"SOL",0.00002821853756478365,0.00011521205159235714,2054054.5958015458
1741170671302,"SOL",-0.00007448821905847502,-0.00039946623157923345,2335730.3695247713
1741141871302,"SOL",0.00021725844379798077,0.0008749372050799855,5865685.801406714
1741113071302,"SOL",0.0036957811735539026,0.0039071356704982185,2379245.696993623
1741084271302,"SOL",-0.00008044048963518069,-0.00003918097563975031,1183678.8272570532
1741055471302,"SOL",0.0003557360415904043,0.0005403245647709291,3483675.1526768454
1741026671302,"SOL",0.004748754581007288,0.0054622653263435485,5294521.039855491
1740997871302,"SOL",-0.0015194817181946796,-0.0007720444237392896,4699517.3971051555
1740969071302,"SOL",-0.0012554428116309335,-0.0008394198633522572,2832574.525942391
1740940271302,"SOL",0.003345160738473374,0.0033754151309471304,2424787.7943992745
1740911471302,"SOL",0.002268612912128838,0.0030024355337220096,2558664.1198143866
1740882671302,"SOL",-0.00044270646506033184,-0.00042819534032763416,5472086.610618068
1740853871302,"SOL",-0.002583130183701832,-0.00199959970151285,4967306.891323846
1740825071302,"SOL",-0.0035858426725694325,-0.004423126146947868,4201025.308580933
1740796271302,"SOL",-0.0013737858278359784,-0.001988578407990963,3031319.8120121933
1740767471302,"SOL",-0.0032819110774092056,-0.004116558159112342,2695049.5831818245
1740738671302,"SOL",-0.004359728901051263,-0.0036778682175154106,2116831.4432219495
1740709871302,"SOL",0.003617805479815166,0.003570648474128761,3731352.746513567
1740681071302,"SOL",0.0005487900792346534,0.0008098369283860265,5854756.033550678
1740652271302,"SOL",-0.0021017014058475605,-0.0028958759902520635,1258851.587087391
1740623471302,"SOL",0.0024353452457741053,0.0014648244543744122,3474037.917962606
1740594671302,"SOL",0.00015249013218930464,-0.0001779316312483501,3409217.9431407503
1740565871302,"SOL",0.0006342980210749749,0.0003789127968626431,3284775.7894778773
1740537071302,"SOL",-0.004832346215878012,-0.005812154565665258,5639535.375302222
1740508271302,"SOL",-0.002539777970418231,-0.002142844284400689,1004727.9808772127
1740479471302,"SOL",-0.002418693374352059,-0.0015532753715650429,4047443.285735566
1740450671302,"SOL",0.0019074043728518843,0.0027554398608868385,5997968.454764869
1740421871302,"SOL",0.002092660250988185,0.0015372018785907542,2081874.031755292
1740393071302,"SOL",0.004207706322003137,0.0037570379379484944,3005510.1579039646
1740364271302,"SOL",-0.004272581104273247,-0.003972755244527221,3372521.8645130675
1740335471302,"SOL",0.0008982268436988462,0.0007580861182448935,1655706.3758734148
1740306671302,"SOL",0.0030902260565491124,0.003359552347672662,2141367.3204124887
1740277871302,"SOL",-0.002998487152140621,-0.003675149294874486,2855400.6883189366
1740249071302,"SOL",-0.0023424110394850086,-0.0027611483448140906,3491592.809038693
1740220271302,"SOL",-0.002466003349222152,-0.0024795793341527463,1306423.91422835
1740191471302,"SOL",0.00012131804091619402,0.0010445735591035673,1725987.4615182127
1740162671302,"SOL",-0.003559299745116302,-0.004220758519019835,5339546.591253275
1740133871302,"SOL",-0.001664931028593608,-0.0012741765583663082,5667797.425719115
1740105071302,"SOL",0.004397890178658075,0.0042786525007683,3156550.3929040506
1740076271302,"SOL",0.0033932015674354955,0.002599881966605481,4132564.439456873
1740047471302,"SOL",0.004935896714671296,0.004413806220262769,1064247.1932684318
1740018671302,"SOL",-0.003790157881467793,-0.0034304482474029918,2218673.6559808534
1739989871302,"SOL",0.001258218513576519,0.0005785687083117308,3878194.817769761
1739961071302,"SOL",0.004007116988240722,0.0034664360809175125,2015776.9815639216
1739932271302,"SOL",0.004129298811290632,0.004756169836877228,4122989.1176462485
1739903471302,"SOL",-0.0047560044661849625,-0.004032068237257666,2337789.042122636
1739874671302,"SOL",-0.0027736966304409095,-0.003610288257628333,2412600.67936809
1739845871302,"SOL",-0.001827616628451394,-0.002069773972595517,2478038.4638359644
1739817071302,"SOL",-0.002142954601150295,-0.0018930418459892863,4892806.133779341
1739788271302,"SOL",-0.0012599861293654492,-0.0017932414763571838,3872359.3506161906
1739759471302,"SOL",-0.0012800705824992798,-0.002146911025055902,5456047.715237663
1739730671302,"SOL",-0.002638010041066301,-0.0026406425156299883,5360480.27649518
1739701871302,"SOL",0.0015951853048277865,0.0014265382542153777,4808338.096162215
1739673071302,"SOL",-0.002304806800493422,-0.0027455158103328508,3119293.9627952967
1739644271302,"SOL",0.0009785422035240732,0.0011086602682299222,4467610.736996818
1739615471302,"SOL",-0.0029641102757267967,-0.0035044258810789848,1441214.261069064
1739586671302,"SOL",0.004366944746776012,0.005275888913337133,2186701.0078275376
1739557871302,"SOL",0.002353472060745574,0.003341122234199411,2579841.4324361878
1739529071302,"SOL",0.0027545456963066583,0.0031009390355350793,4070140.867198957
1739500271302,"SOL",-0.0023487729452356487,-0.003225677673645108,4465536.457720347
1739471471302,"SOL",0.002604981046728263,0.002221540973392589,2408091.4981042445
1739442671302,"SOL",0.003644715378710426,0.0035842548623847446,3888743.281968752
1739413871302,"SOL",0.004485674022883441,0.005463188888350467,3761870.0452115918
1739385071302,"SOL",0.0012262069390907592,0.0013277621973688744,4512678.634455865
1739356271302,"SOL",-0.002498473528890084,-0.001819746066605107,5251749.565057067
1739327471302,"SOL",0.0017579253125717576,0.0018816723651165553,5438203.3330874005
1739298671302,"SOL",-0.0006602608973793967,-0.0000868420161690153,4692631.344005308
1739269871302,"SOL",-0.0013853428839323944,-0.0008701576506333226,5401967.7968570795
1739241071302,"SOL",-0.0031594287624716034,-0.004129837688448293,5240438.472370227
1739212271302,"SOL",0.0046837606150613945,0.0037748263268408025,4656547.253719928
1739183471302,"SOL",-0.004853719830827912,-0.0050029515081881646,3926512.7278701486
1739154671302,"SOL",0.0047997224513631155,0.004281202336697998,4851487.233850522
1739125871302,"SOL",0.001662403727492734,0.0016489782088482615,4122094.890479695
1739097071302,"SOL",-0.00342385480909172,-0.00385749805623274,1097532.351318228
1739068271302,"SOL",0.0008457909205548764,0.0006517059220693788,3211428.0911167907
1739039471302,"SOL",-0.00006374191347606528,-0.001016870834575227,5812136.253093181
1739010671302,"SOL",0.0019016745835113748,0.00218256906016196,4768264.925440261
1738981871302,"SOL",0.0020369503984390214,0.0016529695096682167,3946840.2294319696
1738953071302,"SOL",-0.004493560992123771,-0.00383594883140641,3660291.0694384696
1738924271302,"SOL",0.004873292003064782,0.004425526058950701,2096152.106641225
1738895471302,"SOL",0.0014980695811647026,0.0007071783597782266,3299891.461657061
1738866671302,"SOL",0.0036764308116264276,0.0042640930410208855,1609188.5918560214
1738837871302,"SOL",-0.0013436418326022803,-0.0018749623010782409,1183946.8623214012
1738809071302,"SOL",-0.004285371150512356,-0.004249083865487746,3215758.7687674486
1738780271302,"SOL",-0.00038287697407506815,0.0005947298182459072,4110954.4211389297
1738751471302,"SOL",0.003742054392023597,0.0031117502714003973,1454202.4192832084
1738722671302,"SOL",-0.0016991538713941547,-0.0007715308959836561,2946272.3109273426
1738693871302,"SOL",0.004866786494617786,0.005703271044497731,3066850.894989497
1738665071302,"SOL",0.0003479111668115875,0.00013974990418190813,3805128.6479483973
1738636271302,"SOL",0.000506942748318171,0.00019363211162299178,1828142.0259151938
1738607471302,"SOL",0.002486571977573333,0.001523140611236453,2491765.7620592853
1738578671302,"SOL",0.001997433881858597,0.002354310913216281,5298977.506331991
1738549871302,"SOL",0.0009787665714226846,0.0011166203818962672,4775355.792423404
1738521071302,"SOL",-0.00006538369353063179,-0.0003554159713642235,2568091.362128687
1738492271302,"SOL",0.0023724647894661443,0.001695095022046149,5001548.270674637
1738463471302,"SOL",0.0020880381058439278,0.0016970118451049782,1098370.074327262
1738434671302,"SOL",0.002590432812777386,0.0021183316187707245,3872857.518279133
1738405871302,"SOL",-0.00026110331605060154,0.0005596885467462429,1151146.7935041976
1738377071302,"SOL",0.003929978656403543,0.003607792609409581,3273172.424091755
1738348271302,"SOL",0.0036242461130266967,0.004275937877390865,2570753.9636893463
1738319471302,"SOL",-0.002154113297074136,-0.0026370731151346078,4730283.466408674
1738290671302,"SOL",-0.002030045162749288,-0.0010957756287785362,4946757.177430502
1738261871302,"SOL",0.004857337185492132,0.003930698239322986,3401930.9533990575
1738233071302,"SOL",0.004242857243020171,0.004392243312045563,5565324.81185416
1738204271302,"SOL",-0.0027608141119126552,-0.0029809282714401975,1436836.9189643306
1738175471302,"SOL",-0.0007412730504577047,-0.0007288602508433088,5424616.6487289425
1738146671302,"SOL",0.0038481742219255047,0.004059302463073109,3484893.864456501
1738117871302,"SOL",0.004258570714024052,0.0049680541055637795,1961395.6679433377
1738089071302,"SOL",-0.001981459079846386,-0.0021693807554737897,3334775.2543851407
1738060271302,"SOL",0.0018235847299990927,0.001294443692577032,2010237.324263723
1738031471302,"SOL",-0.0032087610561679727,-0.0038783771524226462,3519284.2292267727
1738002671302,"SOL",0.00382656847714997,0.004796415983367547,2787535.2879693676
1737973871302,"SOL",-0.0017579901714471437,-0.001862243102912539,4192099.9607431353
1737945071302,"SOL",0.0038702085002124066,0.0038799820155991913,3391263.1996296453
1737916271302,"SOL",-0.001636628298059788,-0.0006723819639722702,5628479.02352673
1737887471302,"SOL",-0.001895320001406895,-0.0028052209329394707,1259762.241859226
1737858671302,"SOL",-0.0021336529099697187,-0.0017066776014165765,4776577.421711088
1737829871302,"SOL",-0.0040846116813856945,-0.003916284478166866,5781674.940843208
1737801071302,"SOL",0.0035750075935535876,0.003956369231702407,5055652.920296341
1737772271302,"SOL",-0.0031698866855026987,-0.0037213952913144766,1782863.9217476596
1737743471302,"SOL",0.002208821372892014,0.0019288939572163508,4568896.780142821
1737714671302,"SOL",-0.000509847885046737,-0.00003256379277072119,2800185.70960371
1737685871302,"SOL",0.0013432184018594695,0.0011013306393140496,5761902.645063497
1737657071302,"SOL",0.001836312104803335,0.0025935687225994513,2131038.0508392667
1737628271302,"SOL",0.0028388548719818795,0.003444634927296651,4450922.726029117
1737599471302,"SOL",0.00006798384988393024,-0.0008765712887135116,1551163.1445520504
1737570671302,"SOL",0.002847248109816407,0.0026573885867222807,5337128.442608228
1737541871302,"SOL",-0.0027455276248742424,-0.0023171904151962144,5837325.014374361
1737513071302,"SOL",0.0017792104787817853,0.0021889258420102055,5073681.7098283935
1737484271302,"SOL",0.00028895007225582914,-0.00004077823603434674,5657891.312234179
1737455471302,"SOL",-0.0007085837869638833,-0.0015179037514198562,3433957.02106736
1737426671302,"SOL",0.004776794457564637,0.004859776200963898,5225015.776349552
1737397871302,"SOL",0.0015480625136897808,0.0014428138445753982,4811900.573973823
1737369071302,"SOL",0.0025197070146737023,0.0016166669902799803,2599712.3063603956
1737340271302,"SOL",0.002529772060472837,0.0016329959935930795,2324439.978688171
1737311471302,"SOL",0.001698959942580749,0.0025289793955544856,4284027.013978977
1737282671302,"SOL",-0.004102234445130342,-0.0038228574190633147,3982555.8616813133
1737253871302,"SOL",-0.004891218809119084,-0.004152866281166951,1826788.5732082624
1737225071302,"SOL",-0.0005432718677672721,0.00006986410473512855,1411766.6033609791
1737196271302,"SOL",0.002637982484411876,0.002959510892729488,3679661.225426195
1737167471302,"SOL",-0.00041605671263310383,0.0002087841668442892,1683631.2997490056
1737138671302,"SOL",0.0014054683549353864,0.001416945970909739,4726600.303319434
1737109871302,"SOL",0.0017106241942373601,0.0023651630832691186,3121253.773011699
1737081071302,"SOL",0.003559866419490443,0.0026783136977801465,1950603.0201523008
1737052271302,"SOL",-0.0035761212001410823,-0.0028427579628290864,4236765.598141646
1737023471302,"SOL",-0.003890884648958959,-0.0030551435878640332,5488043.869966805
1736994671302,"SOL",-0.0036364827405516876,-0.004295229130919715,3031964.4363858635
1736965871302,"SOL",0.004744985973810796,0.004589887877041296,5920654.988735744
1736937071302,"SOL",-0.0049225645224478635,-0.004133583773660577,5869048.345330078
1736908271302,"SOL",0.000501820526232053,0.0002028633387823584,3370372.455272297
1736879471302,"SOL",0.0032214366766702774,0.0036953649973721463,1572951.786655631
1736850671302,"SOL",-0.0013529491581452024,-0.001442760234691297,1684127.0694205703
1736821871302,"SOL",-0.0038001974989172395,-0.004035001633122132,3107027.1773269977
1736793071302,"SOL",-0.004907215794358055,-0.00456721904499704,1316545.6364952868
1736764271302,"SOL",0.0014469017029149955,0.0008258864709452091,4781664.257552738
1736735471302,"SOL",0.004884713944367978,0.0048352002205220655,5521315.197810412
1736706671302,"SOL",0.00428000861439564,0.0037731962045254425,3424953.5241772626
1736677871302,"SOL",0.004770266679531008,0.005004329324338665,3592856.4416231136
1736649071302,"SOL",-0.0004540986691997429,-0.0006193453845524761,3178097.360909288
1736620271302,"SOL",0.0027965483199390096,0.002916035487124701,4907051.918254886
1736591471302,"SOL",0.0042776079976511805,0.005151480340742482,2284775.219511377
1736562671302,"SOL",-0.0002212562212403424,0.0002911259268912807,4858794.756517956
1736533871302,"SOL",0.001217885739930107,0.0012620554256413757,1242627.455920117
1736505071302,"SOL",0.0010598445819590841,0.00045385328792504345,5449669.116476491
1736476271302,"SOL",-0.000826376996038023,-0.0017219784238374288,2227032.1845833156
1736447471302,"SOL",-0.00040321794273984413,0.0004420131624817305,4379123.709050445
1736418671302,"SOL",-0.0045683201670272,-0.00466879129615235,5739033.630162456
1736389871302,"SOL",-0.004108704815993976,-0.003932579587983863,2245810.0035640188
1736361071302,"SOL",0.0017944133499596582,0.002630106846844948,5154160.581146555
1736332271302,"SOL",0.0018247098522099314,0.0020892018694951796,5423699.765903608
1736303471302,"SOL",0.003207162105224646,0.004080670061351708,5214043.403070362
1736274671302,"SOL",-0.0001597997364669279,-0.00011493688463745677,3774408.5205935463
1736245871302,"SOL",0.004865397174134128,0.004901153562730045,2600894.4268543236
1736217071302,"SOL",-0.0022429280544700924,-0.0030422328079600996,4733741.336450883
1736188271302,"SOL",0.000729761366751951,0.0011408290024683026,3632247.837862639
1736159471302,"SOL",-0.0030761360977954876,-0.0023386174463133143,3523570.6682116776
1736130671302,"SOL",-0.004158339151904908,-0.003244386887735481,2295947.753157544
1736101871302,"SOL",0.0021297323710209935,0.0024358387563365447,1882178.2081558118
1736073071302,"SOL",0.0032227734872888347,0.002396620612922762,3285648.58590247
1736044271302,"SOL",-0.0012189578844542305,-0.002096250380188158,1720167.947772218
1736015471302,"SOL",-0.0037992467287075284,-0.004202446250177742,5702125.121167235
1735986671302,"SOL",-0.0032520382833277606,-0.002884687177680497,4545189.99665031
1735957871302,"SOL",0.0022161527082259556,0.002618796856349164,5945481.369613597
1735929071302,"SOL",0.0015572093864064552,0.0008266542280837133,1437410.4789322154
1735900271302,"SOL",0.00450977895138313,0.004577092901328434,2573161.784378565
1735871471302,"SOL",-0.00466920278789041,-0.005592009036288435,1277335.3803150014
1735842671302,"SOL",-0.00453430408507153,-0.005050564503641174,5580167.477358075
1735813871302,"SOL",0.002259958305816172,0.0014094715313651407,2278898.5792890927
1735785071302,"SOL",0.0018590974705528062,0.0011724364439080351,3173693.0776354047
1735756271302,"SOL",0.004780730890100149,0.005166703659805951,3085506.1540970197
1735727471302,"SOL",0.004241041202091127,0.0032774618964525244,4104306.3174498333
1735698671302,"SOL",-0.003603070110056366,-0.003480923073794723,2911872.1935307067
1735669871302,"SOL",0.0009732752603994021,0.001362626690699556,3105619.6012634854
1735641071302,"SOL",-0.0033103526320761947,-0.0030158498234565925,4751604.767769711
1735612271302,"SOL",-0.0009515035058708455,-0.0012197154113381323,3527523.7939682794
1735583471302,"SOL",0.001460149854586592,0.002236331622501139,1254284.7157615614
1735554671302,"SOL",0.0017481175186748676,0.0022375436423215057,5391052.535027976
1735525871302,"SOL",-0.004233780736490957,-0.004335220082311007,5596117.898859952
1735497071302,"SOL",-0.0017524793210661315,-0.002715185553188074,1971424.6206045595
1735468271302,"SOL",0.00010132756030935886,-0.00005530180589702871,2167677.4862893713
1735439471302,"SOL",-0.001238020432833713,-0.0021193762078565337,4084258.7871749015
1735410671302,"SOL",-0.00334475859130317,-0.004293240283348054,2820385.6671994952
1735381871302,"SOL",0.0005120060905636703,0.0014017614272108926,1682180.918360159
1735353071302,"SOL",-0.0007153299509342648,-0.0006119820485463468,2987149.7012920966
1735324271302,"SOL",-0.001616745301953566,-0.000744767878707882,5334486.737593001
1735295471302,"SOL",0.0005054685403719872,0.00031721366561847787,2102331.492839872
1735266671302,"SOL",-0.004444149352243274,-0.004163802449780382,3807598.650419014
1735237871302,"SOL",-0.0013394076287714962,-0.0009836529687076764,4782421.499462809
1735209071302,"SOL",0.003915935196544438,0.003582644017423614,4906366.531077927
1735180271302,"SOL",0.000630779328978357,0.001402402929791791,3626139.081606913
1735151471302,"SOL",0.0021252320093846787,0.002049038269534294,3706531.8035626095
1735122671302,"SOL",-0.003579753819076159,-0.0030410122849592876,1726250.0917910207
1735093871302,"SOL",0.004803167708089087,0.005626039498877159,2917308.7835395895
1735065071302,"SOL",-0.00464791475572434,-0.005405450428579892,1291171.6297302314
1735036271302,"SOL",-0.002492988920774215,-0.0028654190736731,4284445.384171554
1735007471302,"SOL",-0.004388504066249131,-0.004511850303159837,1567156.8284260742
1734978671302,"SOL",0.004185336260613169,0.004454098947537661,1643139.9192545596
1734949871302,"SOL",0.004918090698417941,0.00457007415071395,2950229.5468897177
1734921071302,"SOL",-0.0038809142446518787,-0.0038918102166145903,3989233.0404108767
1734892271302,"SOL",-0.0034688737958529694,-0.0034427677430254587,1559293.1924410793
1734863471302,"SOL",-0.0010636651739909686,-0.001162758360760068,1536004.2976431833
1734834671302,"SOL",-0.004870349860558377,-0.005211953112032056,2459538.4773113807
1734805871302,"SOL",0.002832039401331239,0.002372069756392832,4609234.050827904
1734777071302,"SOL",-0.00047679954153829974,-0.000293685507455999,1162341.7404634207
1734748271302,"SOL",0.0048927359399176034,0.005384365829915208,3294716.90789218
1734719471302,"SOL",-0.0009509507742888768,-0.0012206890508699934,3816783.956824661
1734690671302,"SOL",-0.0031924678244717565,-0.0022015450206606876,4327460.795129891
1734661871302,"SOL",0.00003445247382590555,-0.00006234549534016366,1458578.7125491935
1734633071302,"SOL",-0.0011036729470564333,-0.001756314038032709,3876437.61232988
1734604271302,"SOL",0.0022907972595735604,0.0022532913856636305,2076524.0383331932
1734575471302,"SOL",-0.0027360791440557163,-0.0032028111128419383,2273419.8662387687
1734546671302,"SOL",0.003737883394356727,0.0040118347126783475,2886660.445981645
1734517871302,"SOL",0.0047989776419665245,0.004318332961075484,4418304.302740987
1734489071302,"SOL",-0.0028634073035856858,-0.002457591687805001,3699983.7135861083
1734460271302,"SOL",0.002540101971429667,0.0015936762900011978,2198105.9974721908
1734431471302,"SOL",0.0028521477550314447,0.0026691974739217594,2384527.4067302016
1734402671302,"SOL",-0.002609038263268684,-0.0024829614442475048,1869797.1542351635
1734373871302,"SOL",0.0010601009779378345,0.001977788764666938,5446537.440322274
1734345071302,"SOL",0.00008382985823151667,0.0003802640101059982,5164523.860478545
1734316271302,"SOL",-0.002795015234840117,-0.0025557715377952845,3134404.1470306627
1734287471302,"SOL",0.004801139874602971,0.004283820792066368,2398527.1098294216
1734258671302,"SOL",0.0007886563911244848,0.0016397897257420806,3732895.096016614
1734229871302,"SOL",0.0008718442232374413,0.000007930020341123493,4500541.917984808
1734201071302,"SOL",-0.0035050195265489605,-0.003634109241820272,1894137.0875389078
1734172271302,"SOL",-0.004603576994999803,-0.004059779020094736,4960645.607628822
1734143471302,"SOL",-0.004507862311828263,-0.00399705417398942,2569241.046330124
1734114671302,"SOL",-0.0035255280671637637,-0.0032953681328110407,1067431.2740611061
1734085871302,"SOL",-0.0009352434145567345,-0.0016700459522015283,3793906.0201525046
1734057071302,"SOL",-0.00005721352781778988,-0.001016897231104509,4561419.791375482
1734028271302,"SOL",0.003862808130547628,0.003811448972888194,3811146.024945763
1733999471302,"SOL",0.001663074922108414,0.0021928136596344595,1763801.9064786993
1733970671302,"SOL",0.0043136239551041355,0.0038912853664943054,2056544.8453047676
1733941871302,"SOL",-0.004411085317930623,-0.005369233862666386,4508388.971115769
1733913071302,"SOL",-0.00027117036303448083,-0.0005734849676067384,3604062.540980904
1733884271302,"SOL",0.0019943492816027566,0.0023370344091806655,3522152.9122951226
1733855471302,"SOL",0.004347026076720313,0.004690623598399195,1958707.6061908607
1733826671302,"SOL",0.002578289922960402,0.0023127170694864554,1857485.0906470767
1733797871302,"SOL",0.0009787689750510831,0.0017474944011848829,2764967.2118058447
1733769071302,"SOL",0.00005913284482710113,0.00044188918355621173,2254170.02433585
1733740271302,"SOL",-0.00022222096785526669,0.0004449501543166084,1909292.0372466817
1733711471302,"SOL",0.0023434677724028696,0.002218155848730859,3002746.4816090986
1733682671302,"SOL",-0.0010461170399583585,-0.0006904045296248066,4419645.814793296
1733653871302,"SOL",0.0010000772542865244,0.0014416188495732542,3753553.2249624818
1733625071302,"SOL",-0.0025894677183077764,-0.0024935020126050297,5494372.837190323
1733596271302,"SOL",-0.0035004266527617765,-0.0034408309602366317,5108506.721534647
1733567471302,"SOL",0.003927800914149129,0.0037146439811290293,3613115.2398967408
1733538671302,"SOL",0.00017880248805153266,0.0008125489154431787,3371487.378399797
1733509871302,"SOL",-0.0021781386421917672,-0.0022538350888267594,1803460.2925233427
1733481071302,"SOL",0.004827212863587651,0.005545584645063442,3550318.872816023
1733452271302,"SOL",-0.0026092453099374026,-0.0028456354426840864,4578633.856943521
1733423471302,"SOL",-0.004516841346154508,-0.0046960414893526025,3386477.6450832435
1733394671302,"SOL",0.0034608290142040233,0.00373293080253609,5468438.228068051
1733365871302,"SOL",-0.0006102368678615133,-0.0004597602496249751,2516938.580009649
1733337071302,"SOL",0.0026385713992257134,0.0018252926476915452,3373218.632534324
1733308271302,"SOL",0.002123653703486037,0.002196750939271214,2099744.201539222
1733279471302,"SOL",0.000912728487894714,0.0015538517386121204,3928442.684726933
1733250671302,"SOL",0.00023972959193606648,0.0009463191952384445,4850905.637027368
1733221871302,"SOL",-0.0013830837430432274,-0.0015167327849671093,3412239.307083338
1733193071302,"SOL",-0.002944252333734063,-0.003120889227234464,3305516.703772015
1733164271302,"SOL",0.002644556597123973,0.001678756003908496,3240602.877945754
1733135471302,"SOL",-0.0006284343023088823,-0.0010419500717842984,1070104.8414253446
1733106671302,"SOL",-0.0037656899210194886,-0.004263454859476511,5235735.266323023
1733077871302,"SOL",0.000505672788243201,0.00037245824295602015,2585364.7086174893
1733049071302,"SOL",0.0039476655183186505,0.003354116186674909,3402989.2332831416
1733020271302,"SOL",-0.0012113819273537718,-0.00031657544238234564,5867592.858528702
1732991471302,"SOL",0.0025043544716945097,0.003126190329382295,4428582.318870532
1732962671302,"SOL",0.0036443504567592712,0.00292886852929788,4081180.96423778
1732933871302,"SOL",-0.0045910731523124615,-0.005032226661293291,2863234.9033689657
1732905071302,"SOL",-0.0022233887017999556,-0.0026903394591138298,3835843.306215362
1732876271302,"SOL",0.00005741397128390835,-0.0004533099012083861,3154412.6678464557
1732847471302,"SOL",0.004491563598076722,0.005276274476226108,5669753.3952505905
1732818671302,"SOL",0.003528625747189096,0.0033985010354974803,5134951.190953112
1732789871302,"SOL",-0.0032468610254600817,-0.0035650776786864415,5491271.763786935
1732761071302,"SOL",-0.0002822997679526895,-0.0004596723991899099,2619146.1621853
1732732271302,"SOL",0.004111078766070624,0.004627280731418132,5316385.603838085
1732703471302,"SOL",0.0014347347353759244,0.0008670039977624097,1657916.2344045176
1732674671302,"SOL",-0.003647408241600165,-0.004039206816877446,4835259.568088828
1732645871302,"SOL",-0.001232433421695025,-0.0008322821296883904,5871579.308003287
1732617071302,"SOL",-0.001227867404127021,-0.00028615744593719536,2254226.313014076
1732588271302,"SOL",-0.00461171425270766,-0.005611250893702572,3462064.361824525
1732559471302,"SOL",0.003295909959738852,0.0038631691450260177,2966688.448724797
1732530671302,"SOL",0.0016389262949586026,0.001814732297985351,5631966.679071463
1732501871302,"SOL",-0.001666215439606371,-0.0026206410722792147,3827179.029341189
1732473071302,"SOL",-0.0006953954922225348,-0.0004436161390221672,5609052.241105139
1732444271302,"SOL",0.0043999668740833855,0.004781115261433529,3281438.792913342
1732415471302,"SOL",0.0014917259021320307,0.0019635846187870706,5946496.439478386
1732386671302,"SOL",0.0028793114822941624,0.003444616983048872,1597018.2531837341
1732357871302,"SOL",-0.0017281287674233649,-0.0017539657958333984,3516866.389816842
1732329071302,"SOL",-0.001996486338176522,-0.002199436164689128,3851529.4978298843
1732300271302,"SOL",0.0015193942986632748,0.0015297949973131129,3940886.221936876
1732271471302,"SOL",-0.0005942745178014697,-0.001141622599416634,3680859.8471641974
1732242671302,"SOL",-0.00009128236627569785,0.0004762209397038504,5217002.139635576
1732213871302,"SOL",0.00028239440377271664,-0.000029650051981907374,3184799.3886875496
1732185071302,"SOL",-0.0017272122013146385,-0.0007615283057533273,3407108.212283359
1732156271302,"SOL",0.0015301062518484354,0.0017942138569918282,3876598.723162047
1732127471302,"SOL",-0.003438309331017142,-0.004412152126894704,2888666.6896977946
1732098671302,"SOL",-0.0020727584835919634,-0.0029143317246214163,4194380.35188468
1732069871302,"SOL",-0.0026046865684562557,-0.0019676845010383943,4693406.330536293
1732041071302,"SOL",-0.002602108335384279,-0.002806422780741473,2298685.4803402936
1732012271302,"SOL",0.003963467789904991,0.004194889442184955,4669572.0146092605
1731983471302,"SOL",0.00018172697557117034,0.0005036931285714839,4788105.158116145
1731954671302,"SOL",0.0004775415593205357,0.0011009399708930615,1946579.6255302406
1731925871302,"SOL",0.004666465561801884,0.005021693499335704,4429814.929031484
1731897071302,"SOL",-0.004043948526472459,-0.0038848998844855007,5195704.096493798
1731868271302,"SOL",0.0006902859505794856,0.0016827233139205776,3150548.947790906
1731839471302,"SOL",-0.0010500789244924013,-0.0006063881548037844,1732624.9768530424
1731810671302,"SOL",0.0028079037119798536,0.001863085510329278,5926642.484692602
1731781871302,"SOL",-0.0001615494445383159,0.0004739879361444075,2579486.2342948103
1731753071302,"SOL",0.003801881525790776,0.004704275023228442,4538971.8535526525
1731724271302,"SOL",0.001018907687492796,0.00023324597427275024,3157793.0408566548
1731695471302,"SOL",0.0002969931930344161,0.00011104139457841769,2544757.3826719373
1731666671302,"SOL",0.0015527600091799632,0.002137555783817021,1871817.402820707
1731637871302,"SOL",-0.0045173264567927454,-0.004278528543057752,4002742.154606063
1731609071302,"SOL",0.00356917245523694,0.003838828671643617,2805646.4794503767
1731580271302,"SOL",-0.004299048264376854,-0.003536643243888821,4070421.9226130093
1731551471302,"SOL",0.0008583353895630253,0.0016323518234483262,2551293.272081772
1731522671302,"SOL",0.000998076451711285,0.0019608521656370543,2984620.762549741
1731493871302,"SOL",0.001709474573792078,0.0015171683855696116,4399711.24878118
1731465071302,"SOL",-0.004423033261129912,-0.004497608438663843,3195445.9552912074
1731436271302,"SOL",-0.0033710227176222385,-0.002458086539420653,1005276.4255360349
1731407471302,"SOL",0.00005195910945542393,0.0008753196410869447,2078802.502486169
1731378671302,"SOL",0.004510456533901208,0.004244588079289866,2525125.103092132
1731349871302,"SOL",-0.0016385611617519657,-0.000979717692782605,2528583.9273469346
1731321071302,"SOL",-0.0024342908164291834,-0.002183164927638678,4445440.02220582
1731292271302,"SOL",-0.00034916472033215797,0.00036498442222505955,2065164.1377117515
1731263471302,"SOL",-0.0022132662929793857,-0.002731370394717503,4090718.989269462
1731234671302,"SOL",0.004609065458312687,0.004685464993341216,4049515.086329601
1731205871302,"SOL",0.004577867839623655,0.004593975481463799,1928110.0785496533
1731177071302,"SOL",0.0021931994970908054,0.003046387325429524,2446816.5864775972
1731148271302,"SOL",0.001735365443351169,0.0011619090162890682,5705936.13026849
1731119471302,"SOL",0.004368471101552902,0.004325347847741595,2025968.610436534
1731090671302,"SOL",0.0049348970533182905,0.005481048113854568,4287834.6286607385
1731061871302,"SOL",-0.003916843579996974,-0.004752731692150513,1848448.8472681674
1731033071302,"SOL",-0.004834793534610434,-0.005317402158955775,5715117.738404379
1731004271302,"SOL",-0.0011228265610187772,-0.0005960703652108982,2217085.195604153
1730975471302,"SOL",-0.0008059637696285549,-0.0002123285214016968,1363373.594956804
1730946671302,"SOL",-0.004545884342978099,-0.004843490259862456,1579890.5294520052
1730917871302,"SOL",0.0017952822599384022,0.0016624654628660336,2113864.064921974
1730889071302,"SOL",0.00030611850405862787,0.001208273881628061,4047751.4610083047
1730860271302,"SOL",-0.0005435966076057853,-0.0007123346748926687,1774687.3208550664
1730831471302,"SOL",-0.004924689176794366,-0.004742022510185312,1337369.1318714055
1730802671302,"SOL",0.0035351578734872957,0.003748928777515819,3064542.854985633
1730773871302,"SOL",0.0002967744573869613,0.000389085864750661,1442148.4712606694
1730745071302,"SOL",-0.0038472455696052267,-0.00328022541902966,2087642.0931694263
1730716271302,"SOL",-0.0002489059855845621,-0.0008613548284754455,1437647.493934783
1730687471302,"SOL",0.002452409980962584,0.0023613094321778575,2563272.9962202664
1730658671302,"SOL",0.002883254203831269,0.003659290534472954,2948053.161947728
1730629871302,"SOL",0.003133489270099954,0.003005677272678906,1612071.8554677716
1730601071302,"SOL",0.0011720704238570524,0.00032819935384667217,4748601.857362563
1730572271302,"SOL",-0.0024110854494342137,-0.002368100798088952,3308858.1290744236
1730543471302,"SOL",0.00435021175500615,0.0039025763332043465,2803823.83643662
1730514671302,"SOL",-0.003455168915010305,-0.0036521465127188693,1202393.1857836137
1730485871302,"SOL",0.00476209913962596,0.004771537487675265,2051104.4667584556
1730457071302,"SOL",-0.0035933654713414345,-0.003227005715422593,4640849.067294562
1730428271302,"SOL",0.004149336808853532,0.0041329051493512485,1159345.4483852708
1730399471302,"SOL",-0.0029295358024359185,-0.0024367754431063385,2036932.1656076103
1730370671302,"SOL",0.000505106481350781,0.0010837069812862565,1679513.2560920268
1730341871302,"SOL",-0.004966406933503762,-0.00506789993418931,5756779.208254045
1730313071302,"SOL",0.002711527673023797,0.0034551147298127376,1955746.4870835552
1730284271302,"SOL",0.004699115862870445,0.003752380579665312,3904662.9086048114
1730255471302,"SOL",-0.0018394067764241839,-0.0009692963354840311,1241196.9620278464
1730226671302,"SOL",0.0014224031913727853,0.0007676910384140113,4651453.223450776
1730197871302,"SOL",0.0007282650674959878,0.0005940952332992921,1350950.7686340762
1730169071302,"SOL",0.0006411062893639618,0.0004345964668673692,5755585.225703931
1730140271302,"SOL",0.004117138979693315,0.005004096389215615,1514242.999807294
1730111471302,"SOL",0.0041101169722241315,0.0034061141415583076,5075078.238048062
1730082671302,"SOL",0.0016159073826856995,0.0025473545171565875,1923438.4539994411
1730053871302,"SOL",0.0022447924364142136,0.0031005335975985487,4900720.798350798
1730025071302,"SOL",0.0003646059493260845,0.00025634373547759015,4251431.44149982
1729996271302,"SOL",0.0015564387455643148,0.0010778941131591854,4455691.572909609
1729967471302,"SOL",-0.004376119386112363,-0.0044946275875965246,5623429.556374556
1729938671302,"SOL",0.0013538971485859141,0.0021939319345818838,1204489.7340647355
1729909871302,"SOL",-0.0030469837039491443,-0.002607820324918829,2219139.630146907
1729881071302,"SOL",0.004278973588512254,0.004043716511334752,4764500.393291099
1729852271302,"SOL",-0.002495864772820453,-0.003447614067838771,2754145.306113033
1729823471302,"SOL",-0.002843908775521562,-0.0024554034331284863,1086758.2611503792
1729794671302,"SOL",-0.004491482112509373,-0.005142428703851042,2133339.12268605
1729765871302,"SOL",-0.002275274603527553,-0.0031813542849982402,1466739.8299406776
1729737071302,"SOL",-0.001364154485274922,-0.0004982915469115662,5082225.859354539
1729708271302,"SOL",-0.00031730737438092406,0.00020544922983023326,4295828.81542353
1729679471302,"SOL",-0.0022100076953406435,-0.0016976917466038006,2635529.3016451746
1729650671302,"SOL",0.00234317679807329,0.002222969860611583,2344542.053345655
1729621871302,"SOL",-0.004026632101137366,-0.004481098869853374,3108200.796708085
1729593071302,"SOL",-0.0023231012623760906,-0.0021850430772212383,1833081.1093403522
1729564271302,"SOL",0.002709885231804701,0.0026853567491001112,4432489.622592624
1729535471302,"SOL",-0.004102084908537764,-0.0049947024912934,4042972.05508367
1729506671302,"SOL",-0.000044965852659542006,-0.0004466273839193695,2806975.7146045305
1729477871302,"SOL",-0.001537115235325215,-0.0006382625926414898,3961758.6815249287
1729449071302,"SOL",-0.0031726178041188648,-0.002914123887854039,4104648.7466606186
1729420271302,"SOL",-0.002780586447585347,-0.0032984327761495565,1468417.7372529008
1729391471302,"SOL",0.004395960396029439,0.00455583700425417,3423234.9944929266
1729362671302,"SOL",0.004977260935366659,0.005284597604592408,2014993.397799383
1729333871302,"SOL",-0.00383763726159337,-0.0032663441319995736,5294725.287371942
1729305071302,"SOL",-0.001917831468659501,-0.0016650374013756429,4835019.626689722
1729276271302,"SOL",0.003296169863900047,0.0023452650171825176,5682592.903395147
1729247471302,"SOL",0.003882768203356588,0.0036675088791009573,3258175.3663011175
1729218671302,"SOL",0.0011988181311723323,0.0017363797003308009,5877452.262400713
1729189871302,"SOL",0.0010906453738578038,0.0009738661559751845,4114250.7501341123
1729161071302,"SOL",0.003959645084758161,0.0033560594448281706,3537459.7816901724
1729132271302,"SOL",-0.00032455352647825064,-0.00015453162121700803,3126358.8448532256
1729103471302,"SOL",0.0007321803813793215,-0.00006188673063986148,4322862.790339621
1729074671302,"SOL",0.0019546342010439677,0.0015557738849632896,3076040.958333172
1729045871302,"SOL",-0.00047618826170241267,-0.0010251766837848218,5377806.706122119
1729017071302,"SOL",-0.00131419476228408,-0.001238870225442243,5187903.221558459
1728988271302,"SOL",-0.0030095059553540814,-0.003514042152550986,4804226.800769098
1728959471302,"SOL",-0.004977853311051755,-0.0041924467257693,1613967.8521595416
1728930671302,"SOL",-0.0011349432492510458,-0.0008090931243970756,4441035.874021791
1728901871302,"SOL",-0.0008169192701987105,-0.0015639362350696883,3712662.388223698
1728873071302,"SOL",-0.001773875988651834,-0.0013864242750598356,4254761.594179764
1728844271302,"SOL",-0.004914495846958522,-0.005701235845536824,2866894.9143990213
1728815471302,"SOL",-0.004664669873665899,-0.005005240293052018,3427792.2128750305
1728786671302,"SOL",0.004715130108247168,0.004743900444999997,5741752.366775707
1728757871302,"SOL",-0.0008087764953594223,0.00013029481487571463,1605184.4127894635
1728729071302,"SOL",-0.0007728558267938923,0.00020030409915627303,1025120.129116275
1728700271302,"SOL",0.001031241900052895,0.0020149441200560166,2258954.4954581186
1728671471302,"SOL",-0.0008241857985119805,-0.0007173083298478726,4482329.932200876
1728642671302,"SOL",-0.00019305849171523672,-0.0009731212141202105,4334046.220594095
1728613871302,"SOL",0.0034528952043611618,0.0031233377686242215,2882589.8415625663
1728585071302,"SOL",-0.0029534828577311356,-0.0024432976090444617,5739465.459971873
1728556271302,"SOL",-0.004564079973859052,-0.0046435350549839894,2303165.2776193544
1728527471302,"SOL",-0.00015255058437856571,-0.0005434032802719719,4916438.671966331
1728498671302,"SOL",-0.0023568942824821228,-0.001469203821772942,1397625.6261611665
1728469871302,"SOL",0.001726650344055627,0.0013000367991472276,5989226.839670251
1728441071302,"SOL",-0.0026879041774617862,-0.0033458957282267174,3361804.2718650433
1728412271302,"SOL",-0.0014160322743277276,-0.0023234467591094756,4039156.747726367
1728383471302,"SOL",-0.00399402077536227,-0.004436244249130544,1274422.2341243473
1728354671302,"SOL",0.002300368489418776,0.002510643361661843,4063124.6448505824
1728325871302,"SOL",0.00046859926430823816,-0.00026047667715839093,3296501.0360525185
1728297071302,"SOL",-0.003372128612439831,-0.003535731939633483,4352722.899662821
1728268271302,"SOL",-0.0025431633076599437,-0.0024564500501525737,3319010.5783715807
1728239471302,"SOL",0.0039744795491707665,0.004215952272766133,3382357.770952159
1728210671302,"SOL",0.0016615823544945197,0.0007086329008585981,5530458.346892243
1728181871302,"SOL",-0.004920798670661808,-0.005783273129242618,5964426.146320542
1728153071302,"SOL",-0.0021801356620583536,-0.0020896879179275202,3937134.3920830307
1728124271302,"SOL",0.0040201544533218295,0.0049626225138204175,3814934.247638807
1728095471302,"SOL",-0.00044766651366069833,-0.00015176765299132543,1453336.003968946
1728066671302,"SOL",0.004466312232029954,0.0036428274237356216,4655518.248268634
1728037871302,"SOL",0.004717007694431554,0.0037939429037224595,2697700.9854496624
1728009071302,"SOL",-0.001934263625613839,-0.0022099218273731926,4152514.041377024
1727980271302,"SOL",-0.004726145291399488,-0.003959722573983087,2163732.633294058
1727951471302,"SOL",0.0029042852848681112,0.003706856381449058,1112508.641333229
1727922671302,"SOL",0.0025789226660937305,0.0028187917933298334,2689633.3970164293
1727893871302,"SOL",0.0002196816246126554,0.00036859046426234343,5522145.382680689
1727865071302,"SOL",-0.0010832082444730174,-0.0019275621888743492,4282034.618899443
1727836271302,"SOL",0.0015929425653600626,0.001887808085778622,4374270.25639805
1727807471302,"SOL",-0.0013584276090029368,-0.00105533902315169,2581086.3125505717
1727778671302,"SOL",0.004312632197383621,0.00452388875921042,2472949.9904818167
1727749871302,"SOL",0.003951540241406235,0.0044973896768698025,2728525.2516988493
1727721071302,"SOL",-0.00454204608265705,-0.004380075033019267,2509370.5130915646
1727692271302,"SOL",-0.0031570601890888693,-0.004001356653700782,4961545.492657499
1727663471302,"SOL",-0.0031763315592769127,-0.003593373020115438,1958722.8585560115
1727634671302,"SOL",-0.0005464922937436656,-0.00021721042921388895,5491248.6463663485
1727605871302,"SOL",-0.000572453445963641,-0.0015040940394441412,2723654.5757402633
1727577071302,"SOL",0.0018144524048569345,0.002705647374408358,5927131.1493751025
1727548271302,"SOL",-0.0024604102255174733,-0.0022813329782392995,4707128.797828586
1727519471302,"SOL",-0.004270884722785338,-0.0035351610246289857,1412003.7364021423
1727490671302,"SOL",0.0002734914990328452,-0.0005394468430871173,5478322.110135369
1727461871302,"SOL",0.0019281104388852756,0.0013010543963667223,4980056.302193794
1727433071302,"SOL",-0.0027259256024824217,-0.003385521616998559,5602739.48378706
1727404271302,"SOL",0.0005090895909850657,-0.00006115944199947476,3680212.9662269247
1727375471302,"SOL",-0.003748658158863942,-0.004060750436996553,2953139.5729690427
1727346671302,"SOL",0.0016977376839208969,0.0026116963260902413,2172674.7812743485
1727317871302,"SOL",-0.0017165915809049092,-0.002244907852529274,4021625.4160757884
1727289071302,"SOL",-0.0020347917953456008,-0.002349355226622396,2481716.7733234116
1727260271302,"SOL",-0.0014355012442495885,-0.0018539586332408824,3164266.338107287
1727231471302,"SOL",0.00043071113363361667,0.00044268272057232806,3247773.22843843
1727202671302,"SOL",-0.001857539848781491,-0.001581296143764435,5386618.848384644
1727173871302,"SOL",-0.0009341345176368176,-0.0015356330392044403,1063912.7381887883
1727145071302,"SOL",0.00033570018072598407,0.0009240666407672409,3659582.0200044173
1727116271302,"SOL",-0.0017444383343584269,-0.0022888101783551497,3935728.4641385097
1727087471302,"SOL",-0.0032449763969494773,-0.0032381988031979295,5488773.912716733
1727058671302,"SOL",0.003497686071915116,0.004394684673013572,5869004.860805155
1727029871302,"SOL",-0.0021308967335575656,-0.0019688593270149697,5877479.23027571
1727001071302,"SOL",-0.001238958773613601,-0.0008869433329685358,1157986.8721024191
1726972271302,"SOL",0.004433796799732084,0.004103533906373015,4169307.7059305576
1726943471302,"SOL",0.0007358817996938294,0.0009616449406454749,1956027.4882634701
1726914671302,"SOL",-0.0031947952409637484,-0.0029832439344534695,4918011.47322585
1726885871302,"SOL",0.004314363887469921,0.0037379873400112335,2617849.561623688
1726857071302,"SOL",0.004338961299505555,0.004464099409699287,2126081.8702903
1726828271302,"SOL",-0.004263552746388883,-0.005067310770712655,2000652.7274290966
1726799471302,"SOL",-0.004511533699904861,-0.004562647744906643,2833686.4013437247
1726770671302,"SOL",0.0031602847037772697,0.004056838451763658,5268204.837810843
1726741871302,"SOL",-0.004877681529982898,-0.0039206008934869795,5335398.776706151
1726713071302,"SOL",-0.0018703610105311364,-0.0013775936014863125,4741866.399166505
1726684271302,"SOL",0.001836281640064905,0.002650256046931793,2784965.5715934634
1726655471302,"SOL",0.0034323172483328745,0.002510401605996028,2694288.498994463
1726626671302,"SOL",0.0035928040962637485,0.0029627080533388608,2585967.2501810053
1726597871302,"SOL",0.00022237060526041573,0.0012021294628783896,1117373.8690927695
1726569071302,"SOL",-0.0005353503994189724,-0.0013854688737109182,5055842.311461251
1726540271302,"SOL",-0.004860956822363383,-0.005701177129474538,3756168.0174929225
1726511471302,"SOL",-0.0007186615981404066,0.00008059246215603316,1221952.4670052242
1726482671302,"SOL",-0.00008757166181166288,0.0007588798689727216,4028367.7589865467
1726453871302,"SOL",0.0015843854837791738,0.0019136368074472805,1751928.32075477
1726425071302,"SOL",0.00021403674563235552,-0.0003287594443703901,3404608.92269743
1726396271302,"SOL",-0.004752714299599219,-0.005253183469862841,1349719.6296574567
1726367471302,"SOL",-0.0019257481366362738,-0.0027364290895368596,5775084.567300466
1726338671302,"SOL",-0.0036724617437681717,-0.003607861209216211,5657406.7131058285
1726309871302,"SOL",-0.004693030855075275,-0.004329526825944007,5025399.837472996
1726281071302,"SOL",-0.0025534267805215507,-0.002125376673690771,5024901.609426792
1726252271302,"SOL",0.00385546160124159,0.004259523155232848,4378210.646476002
1726223471302,"SOL",-0.00164057578282232,-0.0025429770374884994,3903716.231412519
1726194671302,"SOL",0.004050640231256108,0.0032274471180434284,1704259.5056822477
1726165871302,"SOL",-0.0007763750912148381,-0.0009852690336072843,2330028.3221783414
1726137071302,"SOL",-0.003682960267518758,-0.0042000470730791765,4171096.981184189
1726108271302,"SOL",0.0011188817171354137,0.0013154258733184298,5791065.054537827
1726079471302,"SOL",0.002455619362740078,0.0016181508859788583,2018752.5019644173
1726050671302,"SOL",-0.00038493950501150564,0.000185411032084621,2037674.750638342
1726021871302,"SOL",0.0010153918241527515,0.0003571311280356885,2039725.7790149893
1725993071302,"SOL",-0.002973664787819188,-0.0034081946565258994,5249254.320584757
1725964271302,"SOL",-0.001528073805105401,-0.0019287871288603644,3901401.231192492
1725935471302,"SOL",0.0034504330178057787,0.004006850541441564,1661008.7799173016
1725906671302,"SOL",-0.004004390241681672,-0.0034346593394012233,2477365.842730959
1725877871302,"SOL",0.004003321403665386,0.004432456372838111,5142721.878704075
1725849071302,"SOL",0.0012428116665668875,0.0021283322828141533,4889598.208704099
1725820271302,"SOL",0.0027961444198777775,0.003014250961687351,3352987.115059316
1725791471302,"SOL",-0.002370065894210678,-0.0023553405019131955,1139505.7877883576
1725762671302,"SOL",-0.0016285433595216992,-0.0015833356661526508,1559490.1997447177
1725733871302,"SOL",0.0023878969452399315,0.0031832125010999987,3177051.509780736
1725705071302,"SOL",0.004005673435462673,0.0030512557156110766,1390520.1347681608
1725676271302,"SOL",0.0005924553843533342,0.0013308679244008427,5886757.994071594
1725647471302,"SOL",0.004311604252278463,0.003911653031773926,2803186.1929049706
1725618671302,"SOL",-0.002634058985609391,-0.00220151446360035,4511450.150021602
1725589871302,"SOL",-0.0031769130646884668,-0.0040577164543764005,5163199.206074032
1725561071302,"SOL",-0.0019990341797987,-0.0028336294828830173,5005010.460065687
1725532271302,"SOL",0.0031583917559913875,0.0031451682523611353,2045204.3648091112
1725503471302,"SOL",-0.004403209367118874,-0.004125132317375889,1044375.3304357075
1725474671302,"SOL",0.00414148485215889,0.004322543131004035,1229105.5073823044
1725445871302,"SOL",-0.004453249492628038,-0.004727589345580074,1331456.3868843722
1725417071302,"SOL",-0.004208970850556198,-0.00475966333234857,3497698.7933363416
1725388271302,"SOL",-0.0019913613265367847,-0.0016156190845337268,5010412.529632943
1725359471302,"SOL",0.003936810016265089,0.0030676560083390215,1825721.320205587
1725330671302,"SOL",0.0002635344689485386,0.0007413034434155445,3060595.7496490423
1725301871302,"SOL",0.004067803903117475,0.00419361475397214,3739384.0841685277
1725273071302,"SOL",0.0014193340766092267,0.0010134379242957734,5010117.037963262
1725244271302,"SOL",0.002793222995734761,0.0028994116282349556,1896353.5130792079
1725215471302,"SOL",-0.004017980427876544,-0.004821300569966482,1574899.636806554
1725186671302,"SOL",0.0048040902556302665,0.0042510264098610025,5272287.621689102
1725157871302,"SOL",0.002569713752020546,0.003466715965615945,4982939.243001281
1725129071302,"SOL",-0.0027523541417047294,-0.0034752345827582143,4559778.623967014
1725100271302,"SOL",0.0030645350892504197,0.0023159052007527972,2334920.3237383747
1725071471302,"SOL",-0.00013196575959455005,0.00011715065056007611,1466054.8535981122
1725042671302,"SOL",0.0028289261475633334,0.002631294965542224,1331794.1898820486
1725013871302,"SOL",-0.002593059186638531,-0.0026731643414087424,5553223.070779817
1724985071302,"SOL",-0.004668815634702146,-0.003912271819362661,4159660.0171461087
1724956271302,"SOL",-0.002127695988797962,-0.0025806818286210186,4156222.7215264225
1724927471302,"SOL",-0.0036151948341518582,-0.003151377168984674,5099246.087920783
1724898671302,"SOL",-0.0016544362944379333,-0.0016351407365331806,4600416.38527076
1724869871302,"SOL",0.0014548905150512659,0.0013016209246970657,3326832.0048083803
1724841071302,"SOL",0.00476156101865354,0.005110634344399595,5691484.211221227
1724812271302,"SOL",0.001472324101114002,0.0006099036330001439,5173449.195671624
1724783471302,"SOL",-0.0015693156985576984,-0.0010833365608498755,5147345.763843402
1724754671302,"SOL",0.0013851115531319502,0.0011280293686023674,5182227.1313924715
1724725871302,"SOL",-0.004630847572013559,-0.0049914209698330835,5190081.658132363
1724697071302,"SOL",-0.00439687069446459,-0.0037414282590533593,1170077.285993242
1724668271302,"SOL",-0.004304074298124119,-0.004024387860999223,2312999.429760784
1724639471302,"SOL",0.0035706677828732402,0.004461420416415154,3423409.2344736513
1724610671302,"SOL",-0.004495187387872011,-0.005301819903665859,1451470.5621615546
1724581871302,"SOL",0.004113864780181298,0.0036025859191339163,5081152.755287557
1724553071302,"SOL",-0.0025649299464549215,-0.003543878973506285,1369940.4424055042
1724524271302,"SOL",0.0026041755961273318,0.003059549929038162,1511621.7447627648
1724495471302,"SOL",-0.0022445560668328812,-0.002092539500824904,2975275.040327144
1724466671302,"SOL",0.00000569160303965699,-0.0009208385074158194,3587232.3456075164
1724437871302,"SOL",0.0002825665947554268,0.000500130311822435,2299191.5942270746
1724409071302,"SOL",-0.0038049009080398746,-0.002948497345092692,1327518.9304762704
1724380271302,"SOL",0.004768797193224717,0.0038597164686355904,5475876.657819164
1724351471302,"SOL",-0.0016026696620071168,-0.0024381305987893785,4011213.54786551
1724322671302,"SOL",-0.004814054314595979,-0.00396255138153591,4754942.905050096
1724293871302,"SOL",-0.0006975862262584753,-0.00028920859929649497,1946027.4565732884
1724265071302,"SOL",-0.000006340760805765289,0.0007773628607474548,4272896.06445572
1724236271302,"SOL",0.0016871725439667285,0.001975387236922521,1113167.936598182
1724207471302,"SOL",0.000123270908532509,0.0005662073819149302,1064486.946346699
1724178671302,"SOL",0.003929361549238686,0.00344269843185038,2670789.145120002
1724149871302,"SOL",0.0005465085514112489,0.0010867901554978668,1074577.814898308
1724121071302,"SOL",0.0006990675212632103,0.0002013717059872269,4167483.78549532
1724092271302,"SOL",-0.003139630789969794,-0.0031307392350834375,2501451.8126963153
1724063471302,"SOL",0.004799199361020867,0.005410982806832088,5773976.541056067
1724034671302,"SOL",0.0024034077285154387,0.0027329817148229515,3082104.1458352394
1724005871302,"SOL",0.001921514801311044,0.0025088805552953668,5728389.328886934
1723977071302,"SOL",0.001502338197544284,0.0016538738634414157,3878193.2546399715
1723948271302,"SOL",-0.0035321436558440134,-0.004391248033174507,1732085.4523092392
1723919471302,"SOL",-0.002193542194232496,-0.002077368691739846,2043783.0552246287
1723890671302,"SOL",-0.004701627809319882,-0.005264789578845534,2995306.5722533083
1723861871302,"SOL",0.0032863360917653895,0.0024247246308486798,2874382.3381062094
1723833071302,"SOL",-0.0012953328313665736,-0.0008812198369150326,1660884.0420647655
1723804271302,"SOL",0.0032688168039248567,0.002379725146313286,3817900.159660367
1723775471302,"SOL",-0.0002937830702626698,0.00011384033403026897,4553972.700010984
1723746671302,"SOL",0.0008124632625400774,0.0014312096108815317,2912534.7850047294
1723717871302,"SOL",-0.0008005657542921396,-0.0015383649589105009,3857003.339936426
1723689071302,"SOL",0.00429195805494633,0.005141194744899196,5239987.780512891
1723660271302,"SOL",-0.002269616796395755,-0.0030238853549177597,1092629.0031231036
1723631471302,"SOL",-0.0028670988357026527,-0.0024495665843704047,4495182.160059726
1723602671302,"SOL",-0.004259242911591872,-0.003348031959128054,2727426.6480578305
1723573871302,"SOL",-0.004327574084060213,-0.004403615541105336,2958371.703085212
1723545071302,"SOL",0.004666141147982885,0.004442256878645102,4835859.4601358175
1723516271302,"SOL",0.00456569591455825,0.0038107139025559678,1134661.5360238967
1723487471302,"SOL",-0.0014878973350038916,-0.001156342889066476,5063839.667123589
1723458671302,"SOL",-0.001905635346940351,-0.0011220403746887344,1892601.4810700533
1723429871302,"SOL",0.0007752673055796966,0.000568976895591542,4606514.817105683
1723401071302,"SOL",-0.0031876075856628193,-0.0035999569099425055,5710829.096839787
1723372271302,"SOL",0.0017334748358048113,0.0024636649037383185,3158118.2096833927
1723343471302,"SOL",-0.0036066871106717915,-0.003381446421427822,2640444.204969893
1723314671302,"SOL",0.0042697180919537515,0.0036322882417411783,4414565.84466829
1723285871302,"SOL",-0.0015101947173139863,-0.001828652655636727,3931694.912586491
1723257071302,"SOL",0.003542215952341952,0.0035976754895538587,3286661.8458782295
1723228271302,"SOL",0.0026085843928206655,0.0019161027654349156,3183231.213339124
1723199471302,"SOL",-0.003809542251162579,-0.004099041320229474,4144569.75121708
1723170671302,"SOL",-0.0033294203076182295,-0.0028470669198603538,1802895.0383454536
1723141871302,"SOL",0.0014855017635521373,0.0018892255949101977,5027948.28057897
1723113071302,"SOL",-0.002809314067557267,-0.0034025167250398107,4526066.688802993
1723084271302,"SOL",-0.004255289344401205,-0.004833654376549157,1578097.837499585